nID;nID_SubjectOrgan;sNameUa;sNameRu;sID_Privat;sID_Public;sGeoLongitude;sGeoLatitude;nID_Region;nID_City;sID_UA
1;3;УПРАВЛІННЯ МВС УКРАЇНИ У ВІННИЦЬКІЙ ОБЛ.;УВД ВИННИЦКОЙ ОБЛАСТИ;130500;130500;28.46353;49.23555;NULL;NULL;500000000
2;3;УПРАВЛІННЯ МВС УКРАЇНИ У ВОЛИНСЬКІЙ ОБЛ.;УМВД ВОЛЫНСКОЙ ОБЛАСТИ;130700;130700;25.32563,;50.74814;NULL;NULL;700000000
3;3;ГОЛОВНЕ УПРАВЛІННЯ МВС УКРАЇНИ В ДНІПРОПЕТРОВСЬКІЙ ОБЛ.;УВД ДНЕПРОПЕТРОВСКОЙ ОБЛ.;131200;131200;35.03967;48.45987;NULL;NULL;1200000000
4;3;ГОЛОВНЕ УПРАВЛІННЯ МВС УКРАЇНИ В ДОНЕЦЬКІЙ ОБЛ.;УВД ДОНЕЦКОЙ ОБЛ.;131400;131400;37.51317;47077;NULL;NULL;1400000000
5;3;УПРАВЛІННЯ МВС УКРАЇНИ В ЖИТОМИРСЬКІЙ ОБЛ.;УВД ЖИТОМИРСКОЙ ОБЛ.;131800;131800;28.6691;50.24999;NULL;NULL;1800000000
6;3;УПРАВЛІННЯ МВС УКРАЇНИ В ЗАКАРПАТСЬКІЙ ОБЛ.;УВД ЗАКАРПАТСКОЙ ОБЛ.;132100;132100;22.29019;48.62588;NULL;NULL;2100000000
7;3;ГОЛОВНЕ УПРАВЛІННЯ МВС УКРАЇНИ В ЗАПОРІЗЬКІЙ ОБЛ.;УВД ЗАПОРОЖСКОЙ ОБЛ.;132300;132300;35.1475;47.83793;NULL;NULL;2300000000
8;3;УПРАВЛІННЯ МВС УКРАЇНИ В ІВАНО-ФРАНКІВСЬКІЙ ОБЛАСТІ;УВД ИВАНО-ФРАНКОВСКОЙ ОБЛ.;132600;132600;24.70835;48.91552;NULL;NULL;2600000000
9;3;ГОЛОВНЕ УПРАВЛІННЯ МВС УКРАЇНИ В КИЇВСЬКІЙ ОБЛ.;УВД КИЕВСКОЙ ОБЛ.;133200;133200;30.51737;50.45415;NULL;NULL;3200000000
10;3;УПРАВЛІННЯ МВС УКРАЇНИ В КІРОВОГРАДСЬКІЙ ОБЛ.;УВД КИРОВОГРАДСКОЙ ОБЛ.;133500;133500;32.26172;48.51165;NULL;NULL;3500000000
11;3;ГОЛОВНЕ УПРАВЛІННЯ МВС УКРАЇНИ У ЛУГАНСЬКІЙ ОБЛ.;УВД ЛУГАНСКОЙ ОБЛ.;130900;130900;38.48017;48.94862;NULL;NULL;4400000000
12;3;ГОЛОВНЕ УПРАВЛІННЯ МВС УКРАЇНИ У ЛЬВІВСЬКІЙ ОБЛ.;УВД ЛЬВОВСКОЙ ОБЛ.;134600;134600;24.02207;49.84147;NULL;NULL;4600000000
13;3;УПРАВЛІННЯ МВС УКРАЇНИ В МИКОЛАЇВСЬКІЙ ОБЛ.;УВД НИКОЛАЕВСКОЙ ОБЛ.;134800;134800;31.9891;46.97359;NULL;NULL;4800000000
14;3;МИКОЛАЇВСЬКЕ МУ УМВСУ В МИКОЛАЇВСЬКІЙ ОБЛ.;НИКОЛАЕВСКОЕ ГОРОДСКОЕ УПРАВЛЕНИЕ;135100;135100;30.74354;46.47811;NULL;NULL;5100000000
15;3;УПРАВЛІННЯ МВС УКРАЇНИ В ПОЛТАВСЬКІЙ ОБЛ.;УМВД ПОЛТАВСКОЙ ОБЛ.;135300;135300;34.54269;49.58834;NULL;NULL;5300000000
16;3;УПРАВЛІННЯ МВС УКРАЇНИ В РІВЕНСЬКІЙ ОБЛ.;УВД В РОВЕНСКОЙ ОБЛ.;135600;135600;26.25831;50.61991;NULL;NULL;5600000000
17;3;УПРАВЛІННЯ МВС УКРАЇНИ В СУМСЬКІЙ ОБЛ.;УВД СУМСКОЙ ОБЛ.;135900;135900;34.79606;50.90295;NULL;NULL;5900000000
18;3;УПРАВЛІННЯ МВС УКРАЇНИ В ТЕРНОПІЛЬСЬКІЙ ОБЛ.;УМВД ТЕРНОПОЛЬСКОЙ ОБЛ.;136100;136100;25.59293;49.55168;NULL;NULL;6100000000
19;3;УБОП УВД ТЕРНОПОЛЬСКОЙ ОБЛ.;;136300;136300;36.23683;49.99925;NULL;NULL;6300000000
20;3;УПРАВЛІННЯ МВС УКРАЇНИ В ХЕРСОНСЬКІЙ ОБЛ.;УВД ХЕРСОНСКОЙ ОБЛ.;136500;136500;32.62006;46.63326;NULL;NULL;6500000000
21;3;УПРАВЛІННЯ МВС УКРАЇНИ В ХМЕЛЬНИЦЬКІЙ ОБЛ.;УВД ХМЕЛЬНИЦКОЙ ОБЛ.;136800;136800;26.99476;49.4333;NULL;NULL;6800000000
22;3;УПРАВЛІННЯ МВС УКРАЇНИ В ЧЕРКАСЬКІЙ ОБЛ.;ГУВД ЧЕРКАССКОЙ ОБЛ.;137100;137100;32.06085;49.43764;NULL;NULL;7100000000
23;3;ЛОВД В РЕЧПОРТУ ЧЕРКАССКОЙ ОБЛ.;;137300;137300;25.93612;48.2937;NULL;NULL;7300000000
24;3;ОВД В РЕЧ.ПОРТУ ЧЕРНИГОВ;;137700;137700;31.2887;51.49106;NULL;NULL;7400000000
25;3;ГОЛОВНЕ УПРАВЛІННЯ МВС УКРАЇНИ В МІСТІ КИЄВІ;ГУВД Г.КИЕВА;133000;133000;30.51737;50.45415;NULL;NULL;8000000000
356;1;ВІННИЦЬКИЙ МВ УМВСУ У ВІННИЦЬКІЙ ОБЛ.;ВИННИЦКИЙ ГОВД;120666;130501;49.2330830;28.4477540;11;33;1
357;1;ВІННИЦЬКИЙ МВ УМВСУ У ВІННИЦЬКІЙ ОБЛ.;ВИННИЦКИЙ ГОВД;120666;130502;49.2330830;28.4477540;11;33;2
358;2;ВІННИЦЬКИЙ МВ УМВСУ У ВІННИЦЬКІЙ ОБЛ.;ВИННИЦКИЙ ГОВД;120666;130502;49.2330830;28.4477540;11;35;3
359;41;ЦНАП Лівобережний (м.Дніпропетровськ, пр. ім.газ. "Правда", 42);ЦОАУ "Левобережный";120666;lev; ; ;NULL;NULL;1200000000
360;41;ЦНАП Правобережний (м.Дніпропетровськ, пр. К. Маркса, 75);ЦОАУ "Правобережный";120666;prav; ; ;NULL;NULL;1200000000
361;41;ЦНАП Вільногірської міськради;ЦОАУ Вольногорского горсовета;120666;vilnogirskT; ; ;NULL;NULL;1200000000
362;41;ЦНАП Нікопольської міськради;ЦОАУ Никопольского горсовета;120666;nikopolT; ; ;NULL;NULL;1200000000
363;211;ЦНАП Вільногірської міськради;ЦОАУ Вольногорского горсовета;120666;vilnogirskT; ; ;NULL;NULL;1200000000
364;211;ЦНАП Нікопольської міськради;ЦОАУ Никопольского горсовета;120666;nikopolT; ; ;NULL;NULL;1200000000
366;225;ЦНАП Вільногірської міськради;ЦОАУ Вольногорского горсовета;120666;vilnogirskT; ; ;NULL;NULL;1200000000
367;225;ЦНАП Нікопольської міськради;ЦОАУ Никопольского горсовета;120666;nikopolT; ; ;NULL;NULL;1200000000
368;231;ЦНАП Нікопольської міськради;ЦОАУ Никопольского горсовета;120666;nikopolT; ; ;NULL;NULL;1200000000
369;231;ЦНАП Вільногірської міськради;ЦОАУ Вольногорского горсовета;120666;vilnogirskT; ; ;NULL;NULL;1200000000
370;254;ЦНАП Лівобережний(м.Дніпропетровськ, пр. ім.газ. "Правда", 42);ЦОАУ Левобережный";120666;lev; ; ;NULL;NULL;1200000000
371;254;ЦНАП Правобережний (м.Дніпропетровськ, пр. К. Маркса, 75);ЦОАУ Правобережный";120666;prav; ; ;NULL;NULL;1200000000
375;128;ЦНАП Лівобережний (м.Дніпропетровськ, пр. ім.газ. "Правда", 42);ЦОАУ Левобережный;120666;lev; ; ;NULL;NULL;1210100000
376;128;ЦНАП Правобережний (м.Дніпропетровськ, пр. К. Маркса, 75);ЦОАУ Правобережный;120666;prav; ; ;NULL;NULL;1210100000
377;238;ЦНАП Вільногірської міськради;ЦОАУ Вольногорского горсовета;120666;vilnogirskT; ; ;NULL;NULL;1200000000
378;238;ЦНАП Марганецької міськради;ЦОАУ Марганецкого горсовета;120666;marganT; ; ;NULL;NULL;1200000000
379;238;ЦНАП Царичанської РДА;ЦОАУ Царичанского райсовета;120666;carich; ; ;NULL;NULL;1200000000
380;231;ЦНАП Царичанської РДА;ЦОАУ Царичанского райсовета;120666;carich; ; ;NULL;NULL;1200000000
381;14;Амур-Нижньодніпровський район, м.Дніпропетровськ;Амур-Нижньодніпровський, м.Дніпропетровськ;subsidi;s1; ; ;NULL;NULL;1200000000
382;14;Бабушкінській район, м.Дніпропетровськ;Бабушкінській район, м.Дніпропетровськ;subsidi;s2; ; ;NULL;NULL;1200000000
383;14;Жовтневий район, м.Дніпропетровськ;Жовтневий район, м.Дніпропетровськ;subsidi;s3; ; ;NULL;NULL;1200000000
384;14;Індустріальний район, м.Дніпропетровськ;Індустріальний район, м.Дніпропетровськ;subsidi;s4; ; ;NULL;NULL;1200000000
385;14;Кіровський район, м.Дніпропетровськ;Кіровський район, м.Дніпропетровськ;subsidi;s5; ; ;NULL;NULL;1200000000
386;14;Красногвардійський район, м.Дніпропетровськ;Красногвардійський район, м.Дніпропетровськ;subsidi;s6; ; ;NULL;NULL;1200000000
387;14;Ленінський район, м.Дніпропетровськ;Ленінський район, м.Дніпропетровськ;subsidi;s7; ; ;NULL;NULL;1200000000
388;14;Самарський район, м.Дніпропетровськ;Самарський район, м.Дніпропетровськ;subsidi;s8; ; ;NULL;NULL;1200000000
389;14;Баглійський район, м.Дніпродзержинськ;Баглійський район, м.Дніпродзержинськ;subsidi;s9; ; ;NULL;NULL;1200000000
390;14;Дніпровський район, м.Дніпродзержинськ;Дніпровський район, м.Дніпродзержинськ;subsidi;s10; ; ;NULL;NULL;1200000000
391;14;Заводський район, м.Дніпродзержинськ;Заводський район, м.Дніпродзержинськ;subsidi;s11; ; ;NULL;NULL;1200000000
392;14;Дзержинський район, м.Кривий Ріг;Дзержинський район, м.Кривий Ріг;subsidi;s12; ; ;NULL;NULL;1200000000
393;14;Жовтневий район, м.Кривий Ріг;Жовтневий район, м.Кривий Ріг;subsidi;s13; ; ;NULL;NULL;1200000000
394;14;Інгулецький район, м.Кривий Ріг;Інгулецький район, м.Кривий Ріг;subsidi;s14; ; ;NULL;NULL;1200000000
395;14;Саксаганський район, м.Кривий Ріг;Саксаганський район, м.Кривий Ріг;subsidi;s15; ; ;NULL;NULL;1200000000
396;14;Тернівський район, м.Кривий Ріг;Тернівський район, м.Кривий Ріг;subsidi;s16; ; ;NULL;NULL;1200000000
397;14;Центрально-Міський район, м.Кривий Ріг;Центрально-Міський район, м.Кривий Ріг;subsidi;s17; ; ;NULL;NULL;1200000000
398;14;Довгинцівський район, м.Кривий Ріг;Довгинцівський район, м.Кривий Ріг;subsidi;s18; ; ;NULL;NULL;1200000000
399;14;м. Вільногірськ;м.Вільногірськ;subsidi;s19; ; ;NULL;NULL;1200000000
400;14;м. Жовті Води;м.Жовті Води;subsidi;s20; ; ;NULL;NULL;1200000000
401;14;м. Марганець;м.Марганець;subsidi;s21; ; ;NULL;NULL;1200000000
402;14;м. Нікополь;м.Нікополь;subsidi;s22; ; ;NULL;NULL;1200000000
403;14;м. Новомосковськ;м.Новомосковськ;subsidi;s23; ; ;NULL;NULL;1200000000
404;14;м. Павлоград;м.Павлоград;subsidi;s24; ; ;NULL;NULL;1200000000
405;14;м. Першотравенськ;м.Першотравенськ;subsidi;s25; ; ;NULL;NULL;1200000000
406;14;м. Орджонікідзе;м.Орджонікідзе;subsidi;s26; ; ;NULL;NULL;1200000000
407;14;м. Синельникове;м.Синельникове;subsidi;s27; ; ;NULL;NULL;1200000000
408;14;м. Тернівка;м.Тернівка;subsidi;s28; ; ;NULL;NULL;1200000000
409;14;Апостолівський район;Апостолівський район;subsidi;s29; ; ;NULL;NULL;1200000000
410;14;Васильківський район;сел.Васильківка;subsidi;s30; ; ;NULL;NULL;1200000000
411;14;Верхньодніпровський район;м.Верхньодніпровськ;subsidi;s31; ; ;NULL;NULL;1200000000
412;14;Дніпропетровський район;с.Ювілейне;subsidi;s32; ; ;NULL;NULL;1200000000
413;14;Криворізький район;Криворізький район;subsidi;s33; ; ;NULL;NULL;1200000000
414;14;Криничанський район;смт.Кринички;subsidi;s34; ; ;NULL;NULL;1200000000
415;14;Магдалинівський район;смт.Магдалинівка;subsidi;s35; ; ;NULL;NULL;1200000000
416;14;Межівський район;смт.Межова;subsidi;s36; ; ;NULL;NULL;1200000000
417;14;Нікопольський район;м.Нікополь (УПСЗН Нікопольської районної державної адміністрації);subsidi;s37; ; ;NULL;NULL;1200000000
418;14;Новомосковський район;м.Новомосковськ (УПСЗН Новомосковської районної державної адміністрації);subsidi;s38; ; ;NULL;NULL;1200000000
419;14;Павлоградський район;м.Павлоград (УПСЗН Павлоградської районної державної адміністрації);subsidi;s39; ; ;NULL;NULL;1200000000
420;14;Петропавлівський район;смт.Петропавлівка;subsidi;s40; ; ;NULL;NULL;1200000000
421;14;Петриківський район;смт.Петриківка;subsidi;s41; ; ;NULL;NULL;1200000000
422;14;Покровський район;смт.Покровське;subsidi;s42; ; ;NULL;NULL;1200000000
423;14;П'ятихатський район;м.П'ятихатки;subsidi;s43; ; ;NULL;NULL;1200000000
424;14;Синельниківський район;м.Синельникове (УПСЗН Синельниківської районної державної адміністрації);subsidi;s44; ; ;NULL;NULL;1200000000
425;14;Солонянський район;смт.Солоне;subsidi;s45; ; ;NULL;NULL;1200000000
426;14;Софіївський район;смт.Софіївка;subsidi;s46; ; ;NULL;NULL;1200000000
427;14;Томаківський район;смт.Томаківка;subsidi;s47; ; ;NULL;NULL;1200000000
428;14;Царичанський район;смт.Царичанка;subsidi;s48; ; ;NULL;NULL;1200000000
429;14;Широкинський район;смт.Широке;subsidi;s49; ; ;NULL;NULL;1200000000
430;14;Юр’ївський район;смт.Юр’ївка;subsidi;s50; ; ;NULL;NULL;1200000000
431;14;Департамент соціальної політики Вінницької ОДА;Департамент соціальної політики Вінницької ОДА;subsidi;s51; ; ;NULL;NULL;NULL
432;14;Барський район;м.Бар;subsidi;s52; ; ;NULL;NULL;500000000
433;14;Бершадський район;м.Бершадь;subsidi;s53; ; ;NULL;NULL;500000000
434;14;Вінницький район;Управління праці та СЗН Вінницької райдержадміністрації;subsidi;s54; ; ;NULL;NULL;500000000
435;14;Гайсинський район;м.Гайсин;subsidi;s55; ; ;NULL;NULL;500000000
436;14;Жмеринський район;м.Жмеринка (УПСЗН Жмеринської райдержадміністрації);subsidi;s56; ; ;NULL;NULL;500000000
437;14;Іллінецький район;м.Іллінці;subsidi;s57; ; ;NULL;NULL;500000000
438;14;Калинівський район;м.Калинівка;subsidi;s58; ; ;NULL;NULL;500000000
439;14;Козятинський район;м.Козятин (УПСЗН Козятинської райдержадміністрації);subsidi;s59; ; ;NULL;NULL;500000000
440;14;Крижопільський район;смт.Крижопіль;subsidi;s60; ; ;NULL;NULL;500000000
441;14;Липовецький район;м.Липовець;subsidi;s61; ; ;NULL;NULL;500000000
442;14;Літинський район;смт.Літин;subsidi;s62; ; ;NULL;NULL;500000000
443;14;Могилів-Подільський район;м.Могилів Подільський;subsidi;s63; ; ;NULL;NULL;500000000
444;14;Мурованокуриловецький район;смт.Муровані Курилівці;subsidi;s64; ; ;NULL;NULL;500000000
445;14;Немирівський район;м.Немирів;subsidi;s65; ; ;NULL;NULL;500000000
446;14;Оратівський район;смт.Оратів;subsidi;s66; ; ;NULL;NULL;500000000
447;14;Піщанський район;смт.Піщанка;subsidi;s67; ; ;NULL;NULL;500000000
448;14;Погребищенський район;м.Погребище;subsidi;s68; ; ;NULL;NULL;500000000
449;14;Теплицький район;смт.Теплик;subsidi;s69; ; ;NULL;NULL;500000000
450;14;Тиврівський район;смт.Тиврів;subsidi;s70; ; ;NULL;NULL;500000000
451;14;Томашпільський район;смт.Томашпіль;subsidi;s71; ; ;NULL;NULL;500000000
452;14;Тростянецький район;смт.Тростянець (Вінницька обл.);subsidi;s72; ; ;NULL;NULL;500000000
453;14;Тульчинський район;м.Тульчин;subsidi;s73; ; ;NULL;NULL;500000000
454;14;Хмільницький район;м.Хмільник (УПСЗН Хмільницької райдержадміністрації);subsidi;s74; ; ;NULL;NULL;500000000
455;14;Чечельницький район;смт.Чечельник;subsidi;s75; ; ;NULL;NULL;500000000
456;14;Чернівецький район;смт.Чернівці;subsidi;s76; ; ;NULL;NULL;500000000
457;14;Шаргородський район;м.Шаргород;subsidi;s77; ; ;NULL;NULL;500000000
458;14;Ямпільський район;м.Ямпіль;subsidi;s78; ; ;NULL;NULL;500000000
459;14;м. Жмеринка;м.Жмеринка (УПСЗН Жмеринської міської ради);subsidi;s79; ; ;NULL;NULL;500000000
460;14;м. Козятин;м.Козятин (УПСЗН Козятинської міської ради);subsidi;s80; ; ;NULL;NULL;500000000
461;14;м. Ладижин;м.Ладижин;subsidi;s81; ; ;NULL;NULL;500000000
462;14;м. Могилів-Подільський;м.Могилів-Подільський;subsidi;s82; ; ;NULL;NULL;500000000
463;14;м. Хмільник;м.Хмільник (УПСЗН Хмільницької міської ради);subsidi;s83; ; ;NULL;NULL;500000000
464;14;м. Вінниця;м.Вінниця;subsidi;s84; ; ;NULL;NULL;500000000
465;14;Департамент СЗН Волинської ОДА;Департамент СЗН Волинської ОДА;subsidi;s85; ; ;NULL;NULL;NULL
466;14;Володимир-Волинський район;м.Володимир-Волинський;subsidi;s86; ; ;NULL;NULL;700000000
467;14;Горохівський район;м.Горохів;subsidi;s87; ; ;NULL;NULL;700000000
468;14;Іваничівський район;смт.Іваничі;subsidi;s88; ; ;NULL;NULL;700000000
469;14;Камінь-Каширський район;м.Камінь-Каширський;subsidi;s89; ; ;NULL;NULL;700000000
470;14;Ковельський район;м.Ковель (УПСЗН Ковельської райдержадміністрації);subsidi;s90; ; ;NULL;NULL;700000000
471;14;Ківерцівський район;м.Ківерці;subsidi;s91; ; ;NULL;NULL;700000000
472;14;Локачінський район;смт.Локачі;subsidi;s92; ; ;NULL;NULL;700000000
473;14;Луцький район;м.Луцьк (УПСЗН Луцької райдержадміністрації);subsidi;s93; ; ;NULL;NULL;700000000
474;14;Любешівський район;смт.Любешів;subsidi;s94; ; ;NULL;NULL;700000000
475;14;Любомльський район;м.Любомль;subsidi;s95; ; ;NULL;NULL;700000000
476;14;Маневицький район;смт.Маневичі;subsidi;s96; ; ;NULL;NULL;700000000
477;14;Ратнівський район;cмт.Ратне;subsidi;s97; ; ;NULL;NULL;700000000
478;14;Рожищенський район;м.Рожище;subsidi;s98; ; ;NULL;NULL;700000000
479;14;Старовижівський район;смт.Стара Вижівка;subsidi;s99; ; ;NULL;NULL;700000000
480;14;Турійський район;смт.Турійськ;subsidi;s100; ; ;NULL;NULL;700000000
481;14;Шацький район;смт.Шацьк;subsidi;s101; ; ;NULL;NULL;700000000
482;14;м. Луцьк;м.Луцьк (УПСЗН Луцької міської ради);subsidi;s102; ; ;NULL;NULL;700000000
483;14;м. Ковель;м.Ковель (УПСЗН  Ковельської міської ради);subsidi;s103; ; ;NULL;NULL;700000000
484;14;м. Нововолинськ;м.Нововолинськ;subsidi;s104; ; ;NULL;NULL;700000000
485;14;м. Володимир - Волинський;м.Володимир - Волинський;subsidi;s105; ; ;NULL;NULL;700000000
486;14;Департамент СЗН Донецької ОДА;м.Краматорськ (Донецька ОДА);subsidi;s106; ; ;NULL;NULL;NULL
487;14;Артемівський район;м.Артемівськ (УПСЗН Артемівської райдержадміністрації);subsidi;s107; ; ;NULL;NULL;1400000000
488;14;Великоновосілківський район;смт.Велика Новосілка;subsidi;s108; ; ;NULL;NULL;1400000000
489;14;Волноваський район;м.Волноваха;subsidi;s109; ; ;NULL;NULL;1400000000
490;14;Володарський район;смт.Володарське;subsidi;s110; ; ;NULL;NULL;1400000000
491;14;Добропільський район;м.Добропілля (УПСЗН  Добропільської райдержадміністрації);subsidi;s111; ; ;NULL;NULL;1400000000
492;14;Костянтинівський район;м.Костянтинівка (УПСЗН Костянтинівської  райдержадміністрації);subsidi;s112; ; ;NULL;NULL;1400000000
493;14;Красноармійський район;м.Красноармійськ (УПСЗН Красноармійської райдержадміністрації);subsidi;s113; ; ;NULL;NULL;1400000000
494;14;Курахівський район;м.Курахове;subsidi;s114; ; ;NULL;NULL;1400000000
495;14;Олександрівський район;смт.Олександрівка, Донецька обл.;subsidi;s115; ; ;NULL;NULL;1400000000
496;14;Мангушський район;смт.Мангуш;subsidi;s116; ; ;NULL;NULL;1400000000
497;14;Слов’янський район;м.Слов’янськ (УПСЗН Слов'янської райдержадміністрації);subsidi;s117; ; ;NULL;NULL;1400000000
498;14;м. Авдіївка;м.Авдіївка;subsidi;s118; ; ;NULL;NULL;1400000000
499;14;м. Артемівськ;м.Артемівськ (УПСЗН Артемівської міської ради);subsidi;s119; ; ;NULL;NULL;1400000000
500;14;м. Вугледар;м.Вугледар;subsidi;s120; ; ;NULL;NULL;1400000000
501;14;м. Дзержинськ;м.Дзержинськ;subsidi;s121; ; ;NULL;NULL;1400000000
502;14;м. Димитров;м.Димитров;subsidi;s122; ; ;NULL;NULL;1400000000
503;14;м. Добропілля;м.Добропілля (УПСЗН  Добропільської міської ради);subsidi;s123; ; ;NULL;NULL;1400000000
504;14;м. Дружківка;м.Дружківка;subsidi;s124; ; ;NULL;NULL;1400000000
505;14;м. Костянтинівка;м.Костянтинівка (УПСЗН Костянтинівської міської ради);subsidi;s125; ; ;NULL;NULL;1400000000
506;14;м. Краматорськ;м.Краматорськ (Краматорської міської ради);subsidi;s126; ; ;NULL;NULL;1400000000
507;14;м. Красний Лиман;м.Красний Лиман;subsidi;s127; ; ;NULL;NULL;1400000000
508;14;м. Красноармійськ;м.Красноармійськ (УПСЗН Красноармійської  міської ради);subsidi;s128; ; ;NULL;NULL;1400000000
509;14;Ясинуватський район;смт.Очеретино (УПСЗН Ясинуватської райдержадміністрації);subsidi;s129; ; ;NULL;NULL;1400000000
510;14;Іллічівський район, м.Маріуполь;Іллічівський район, м.Маріуполь;subsidi;s130; ; ;NULL;NULL;1400000000
511;14;Жовтневий район, м.Маріуполь;Жовтневий район, м.Маріуполь;subsidi;s131; ; ;NULL;NULL;1400000000
512;14;Орджонікідзевський район, м.Маріуполь;Орджонікідзевський район, м.Маріуполь;subsidi;s132; ; ;NULL;NULL;1400000000
513;14;Приморський район, м.Маріуполь;Приморський район, м.Маріуполь;subsidi;s133; ; ;NULL;NULL;1400000000
514;14;м.Новогродівка;м.Новогродівка;subsidi;s134; ; ;NULL;NULL;1400000000
515;14;м.Селидове;м.Селидове;subsidi;s135; ; ;NULL;NULL;1400000000
516;14;м.Слов’янськ;м.Слов’янськ (УПСЗН Слов’янської міської ради);subsidi;s136; ; ;NULL;NULL;1400000000
517;14;Андрушівський район;м.Андрушівка;subsidi;s137; ; ;NULL;NULL;1800000000
518;14;Баранівський район;м.Баранівка;subsidi;s138; ; ;NULL;NULL;1800000000
519;14;Бердичівський район;м.Бердичів (УПСЗН Бердичівської райдержадміністрації);subsidi;s139; ; ;NULL;NULL;1800000000
520;14;Володарськ-Волинський район;смт.Володарськ-Волинський;subsidi;s140; ; ;NULL;NULL;1800000000
521;14;Романівський район;смт.Романів;subsidi;s141; ; ;NULL;NULL;1800000000
522;14;Ємільчинський район;смт.Ємільчине;subsidi;s142; ; ;NULL;NULL;1800000000
523;14;Житомирський район;м.Житомир (УПСЗН Житомирської райдержадміністрації);subsidi;s143; ; ;NULL;NULL;1800000000
524;14;Коростенський район;м.Коростень (УПСЗН Коростенської райдержадміністрації);subsidi;s144; ; ;NULL;NULL;1800000000
525;14;Коростишівський район;м.Коростишів;subsidi;s145; ; ;NULL;NULL;1800000000
526;14;Лугинський район;смт.Лугини;subsidi;s146; ; ;NULL;NULL;1800000000
527;14;Любарський район;смт.Любар;subsidi;s147; ; ;NULL;NULL;1800000000
528;14;Малинський район;м.Малин (УПСЗН Малинської районної державної адміністрації);subsidi;s148; ; ;NULL;NULL;1800000000
529;14;Народичський район;смт.Народичі;subsidi;s149; ; ;NULL;NULL;1800000000
530;14;Новоград-Волинський район;м.Новоград-Волинський (УПСЗН Новоград-Волинської райдержадміністрації);subsidi;s150; ; ;NULL;NULL;1800000000
531;14;Овруцький район;м.Овруч;subsidi;s151; ; ;NULL;NULL;1800000000
532;14;Олевський район;м.Олевськ;subsidi;s152; ; ;NULL;NULL;1800000000
533;14;Попільнянський район;смт.Попільня;subsidi;s153; ; ;NULL;NULL;1800000000
534;14;Радомишльський район;м.Радомишль;subsidi;s154; ; ;NULL;NULL;1800000000
535;14;Ружинський район;смт.Ружин;subsidi;s155; ; ;NULL;NULL;1800000000
536;14;Червоноармійський район;смт.Червоноармійськ;subsidi;s156; ; ;NULL;NULL;1800000000
537;14;Черняхівський район;смт.Черняхів;subsidi;s157; ; ;NULL;NULL;1800000000
538;14;Чуднівський район;м.Чуднів;subsidi;s158; ; ;NULL;NULL;1800000000
539;14;м. Новоград-Волинський;м.Новоград-Волинський (УПСЗН Новоград-Волинської міської ради);subsidi;s159; ; ;NULL;NULL;1800000000
540;14;м. Бердичів;м.Бердичів (УПСЗН Бердичівської міської ради);subsidi;s160; ; ;NULL;NULL;1800000000
541;14;м. Коростень;м.Коростень (УПСЗН Коростенської міської ради);subsidi;s161; ; ;NULL;NULL;1800000000
542;14;Богунський район, м.Житомир;Богунський район, м.Житомир;subsidi;s162; ; ;NULL;NULL;1800000000
543;14;Корольовський район, м.Житомир;Корольовський район, м.Житомир;subsidi;s163; ; ;NULL;NULL;1800000000
544;14;Брусилівський район;смт.Брусилів;subsidi;s164; ; ;NULL;NULL;1800000000
545;14;м. Малин;м.Малин (УПСЗН Малинської міської ради);subsidi;s165; ; ;NULL;NULL;1800000000
546;14;Департамент СЗН Житомирської ОДА;м.Житомир (Департамент праці та СЗН  ОДА);subsidi;s166; ; ;NULL;NULL;NULL
547;14;м. Ужгород;м.Ужгород (УПСЗН Ужгородської міської ради);subsidi;s167; ; ;NULL;NULL;2100000000
548;14;м. Берегово;м.Берегово (УПСЗН Берегівської міської ради);subsidi;s168; ; ;NULL;NULL;2100000000
549;14;м. Хуст;м.Хуст (УПСЗН Хустської міської ради);subsidi;s169; ; ;NULL;NULL;2100000000
550;14;м. Мукачево;м.Мукачево (УПСЗН Мукачівської міської ради);subsidi;s170; ; ;NULL;NULL;2100000000
551;14;м. Чоп;м.Чоп (УПСЗН Чопської міської ради) ;subsidi;s171; ; ;NULL;NULL;2100000000
552;14;Берегівський район;м.Берегово (УПСЗН Берегівської райдержадміністрації);subsidi;s172; ; ;NULL;NULL;2100000000
553;14;Великоберезнянський район;смт.В. Березний;subsidi;s173; ; ;NULL;NULL;2100000000
554;14;Виноградівський район;м.Виноградів;subsidi;s174; ; ;NULL;NULL;2100000000
555;14;Воловецький район;смт.Воловець;subsidi;s175; ; ;NULL;NULL;2100000000
556;14;Іршавінський район;м.Іршава;subsidi;s176; ; ;NULL;NULL;2100000000
557;14;Міжгірський район;смт.Міжгір’я;subsidi;s177; ; ;NULL;NULL;2100000000
558;14;Мукачевський район;м.Мукачево (УПСЗН Мукачівської райдержадміністрації);subsidi;s178; ; ;NULL;NULL;2100000000
559;14;Перечинський район;м.Перечин;subsidi;s179; ; ;NULL;NULL;2100000000
560;14;Рахівський район;м.Рахів;subsidi;s180; ; ;NULL;NULL;2100000000
561;14;Свалявський район;м.Свалява;subsidi;s181; ; ;NULL;NULL;2100000000
562;14;Тячівський район;м.Тячів;subsidi;s182; ; ;NULL;NULL;2100000000
563;14;Ужгородський район;м.Ужгород (УПСЗН Ужгородської райдержадміністрації);subsidi;s183; ; ;NULL;NULL;2100000000
564;14;смт. Дубове;смт.Дубове;subsidi;s184; ; ;NULL;NULL;2100000000
565;14;Хустський район;м.Хуст (УПСЗН Хустської райдержадміністрації);subsidi;s185; ; ;NULL;NULL;2100000000
566;14;м.Запоріжжя (Департамент СЗН Запорізької ОДА);м.Запоріжжя (Департамент СЗН Запорізької ОДА);subsidi;s186; ; ;NULL;NULL;NULL
567;14;Жовтневий район, м.Запоріжжя;Жовтневий район, м.Запоріжжя;subsidi;s187; ; ;NULL;NULL;2300000000
568;14;Заводський район, м.Запоріжжя;Заводський район, м.Запоріжжя;subsidi;s188; ; ;NULL;NULL;2300000000
569;14;Комунарський район, м.Запоріжжя;Комунарський район, м.Запоріжжя;subsidi;s189; ; ;NULL;NULL;2300000000
570;14;Ленінський  район, м.Запоріжжя;Ленінський  район, м.Запоріжжя;subsidi;s190; ; ;NULL;NULL;2300000000
571;14;Орджонікідзевський район, м.Запоріжжя;Орджонікідзевський район, м.Запоріжжя;subsidi;s191; ; ;NULL;NULL;2300000000
572;14;Хортицький  район, м.Запоріжжя;Хортицький  район, м.Запоріжжя;subsidi;s192; ; ;NULL;NULL;2300000000
573;14;Шевченківський район, м.Запоріжжя;Шевченківський район, м.Запоріжжя;subsidi;s193; ; ;NULL;NULL;2300000000
574;14;м. Бердянськ;м.Бердянськ (УПСЗН Бердянської міської ради);subsidi;s194; ; ;NULL;NULL;2300000000
575;14;м. Мелітополь;м.Мелітополь;subsidi;s195; ; ;NULL;NULL;2300000000
576;14;м. Токмак;м.Токмак (УПСЗН Токмацької міської ради);subsidi;s196; ; ;NULL;NULL;2300000000
577;14;м. Енергодар;м.Енергодар;subsidi;s197; ; ;NULL;NULL;2300000000
578;14;Бердянський район;м Бердянськ (УПСЗН Бердянської райдержадміністрації);subsidi;s198; ; ;NULL;NULL;2300000000
579;14;Василівський район;м.Василівка;subsidi;s199; ; ;NULL;NULL;2300000000
580;14;Великобілозерський район;с.Велика Білозерка;subsidi;s200; ; ;NULL;NULL;2300000000
581;14;Веселівський район;смт.Веселе;subsidi;s201; ; ;NULL;NULL;2300000000
582;14;Вільнянський район;м.Вільнянськ;subsidi;s202; ; ;NULL;NULL;2300000000
583;14;Гуляйпольський район;м.Гуляйполе;subsidi;s203; ; ;NULL;NULL;2300000000
584;14;Запорізький район;м.Запоріжжя (УПСЗН Запорізької райдержадміністрації);subsidi;s204; ; ;NULL;NULL;2300000000
585;14;Кам'янка-Дніпровський район;м.Кам`янка-Дніпровська;subsidi;s205; ; ;NULL;NULL;2300000000
586;14;Куйбишевський район;смт.Куйбишеве;subsidi;s206; ; ;NULL;NULL;2300000000
587;14;Мелітопольський район;м.Мелітополь (УПСЗН Мелітопольської райдержадміністрації);subsidi;s207; ; ;NULL;NULL;2300000000
588;14;Михайлівський район;смт.Михайлівка;subsidi;s208; ; ;NULL;NULL;2300000000
589;14;Новомиколаївський район;смт.Новомиколаївка;subsidi;s209; ; ;NULL;NULL;2300000000
590;14;Оріхівський район;м.Оріхів;subsidi;s210; ; ;NULL;NULL;2300000000
591;14;Полозький район;м.Пологи;subsidi;s211; ; ;NULL;NULL;2300000000
592;14;Приазовський район;смт.Приазовське;subsidi;s212; ; ;NULL;NULL;2300000000
593;14;Приморський район;м.Приморськ;subsidi;s213; ; ;NULL;NULL;2300000000
594;14;Розівський район;смт.Розівка;subsidi;s214; ; ;NULL;NULL;2300000000
595;14;Токмацький район;м.Токмак (УПСЗН Токмацької райдержадміністрації);subsidi;s215; ; ;NULL;NULL;2300000000
596;14;Чернігівський район;смт.Чернігівка;subsidi;s216; ; ;NULL;NULL;2300000000
597;14;Якимівський район;смт.Якимівка;subsidi;s217; ; ;NULL;NULL;2300000000
598;14;Богородчанський район;смт.Богородчани;subsidi;s218; ; ;NULL;NULL;2600000000
599;14;Верховинський район;смт.Верховина;subsidi;s219; ; ;NULL;NULL;2600000000
600;14;Галицький район;м.Галич;subsidi;s220; ; ;NULL;NULL;2600000000
601;14;Городенківський район;м.Городенка;subsidi;s221; ; ;NULL;NULL;2600000000
602;14;Долинський район;м.Долина;subsidi;s222; ; ;NULL;NULL;2600000000
603;14;Калуський район;м.Калуш (УПСЗН Калуської райдержадміністрації);subsidi;s223; ; ;NULL;NULL;2600000000
604;14;Коломийський район;м.Коломия (УПСЗН Коломийської райдержадміністрації);subsidi;s224; ; ;NULL;NULL;2600000000
605;14;Косівський район;м.Косів;subsidi;s225; ; ;NULL;NULL;2600000000
606;14;Надвірнянський район;м.Надвірна;subsidi;s226; ; ;NULL;NULL;2600000000
607;14;Рогатинський район;м.Рогатин;subsidi;s227; ; ;NULL;NULL;2600000000
608;14;Рожнятівський район;м.Рожнятів;subsidi;s228; ; ;NULL;NULL;2600000000
609;14;Снятинський район;м.Снятин;subsidi;s229; ; ;NULL;NULL;2600000000
610;14;Тисменицький район;м.Тисмениця;subsidi;s230; ; ;NULL;NULL;2600000000
611;14;Тлумацький район;м.Тлумач;subsidi;s231; ; ;NULL;NULL;2600000000
612;14;м.Болехів;м.Болехів;subsidi;s232; ; ;NULL;NULL;2600000000
613;14;м.Івано-Франківськ;м.Івано-Франківськ (УНЗСН Івано-Франківської міської ради);subsidi;s233; ; ;NULL;NULL;2600000000
614;14;м.Калуш;м.Калуш (УПСЗН Калуської міської ради);subsidi;s234; ; ;NULL;NULL;2600000000
615;14;м.Коломия;м.Коломия (УПСЗН Коломийської міської ради);subsidi;s235; ; ;NULL;NULL;2600000000
616;14;м.Яремче;м.Яремче;subsidi;s236; ; ;NULL;NULL;2600000000
617;14;м.Бурштин;м.Бурштин;subsidi;s237; ; ;NULL;NULL;2600000000
618;14;Баришівський район;смт.Баришівка;subsidi;s238; ; ;NULL;NULL;3200000000
619;14;Білоцерківський район;м.Біла Церква (УПСЗН Білоцерківської райдержадміністрації);subsidi;s239; ; ;NULL;NULL;3200000000
620;14;Богуславський район;м.Богуслав;subsidi;s240; ; ;NULL;NULL;3200000000
621;14;Бориспільський район;м.Бориспіль (УПСЗН Бориспільської райдержадміністрації);subsidi;s241; ; ;NULL;NULL;3200000000
622;14;Бородянський район;смт.Бородянка;subsidi;s242; ; ;NULL;NULL;3200000000
623;14;Броварський район;м.Бровари (УПСЗН Броварської райдержадміністрації);subsidi;s243; ; ;NULL;NULL;3200000000
624;14;Васильківський район;м.Васильків (УПСЗН Васильківської райдержадміністрації);subsidi;s244; ; ;NULL;NULL;3200000000
625;14;Вишгородський район;м.Вишгород;subsidi;s245; ; ;NULL;NULL;3200000000
626;14;Володарський район;смт.Володарка;subsidi;s246; ; ;NULL;NULL;3200000000
627;14;Згурівський район;смт.Згурівка;subsidi;s247; ; ;NULL;NULL;3200000000
628;14;Іванківський район;смт.Іванків;subsidi;s248; ; ;NULL;NULL;3200000000
629;14;Кагарлицький район;м.Кагарлик;subsidi;s249; ; ;NULL;NULL;3200000000
630;14;Києво-Святошинський район;м.Київ (Києво-Святошинська РДА);subsidi;s250; ; ;NULL;NULL;3200000000
631;14;Макарівський район;смт.Макарів;subsidi;s251; ; ;NULL;NULL;3200000000
632;14;Миронівський район;м.Миронівка;subsidi;s252; ; ;NULL;NULL;3200000000
633;14;Обухівський район;м.Обухів (УПСЗН Обухівської райдержадміністрації);subsidi;s253; ; ;NULL;NULL;3200000000
634;14;Переяслав-Хмельницький район;м.Переяслав-Хмельницький (УПСЗН Переяслав-Хмельницької райдержадміністрації);subsidi;s254; ; ;NULL;NULL;3200000000
635;14;Поліський район;смт.Красятичі;subsidi;s255; ; ;NULL;NULL;3200000000
636;14;Рокитнянський район;смт.Рокитне, Київська обл.;subsidi;s256; ; ;NULL;NULL;3200000000
637;14;Сквирський район;м.Сквира;subsidi;s257; ; ;NULL;NULL;3200000000
638;14;Ставищенський район;смт.Ставище;subsidi;s258; ; ;NULL;NULL;3200000000
639;14;Таращанський район;м.Тараща;subsidi;s259; ; ;NULL;NULL;3200000000
640;14;Тетіївський район;м.Тетіїв;subsidi;s260; ; ;NULL;NULL;3200000000
641;14;Фастівський район;м.Фастів (УПСЗН Фастівської райдержадміністрації);subsidi;s261; ; ;NULL;NULL;3200000000
642;14;Яготинський район;м.Яготин;subsidi;s262; ; ;NULL;NULL;3200000000
643;14;м. Березань;м.Березань;subsidi;s263; ; ;NULL;NULL;3200000000
644;14;м. Біла Церква;м.Біла Церква (УПСЗН Білоцерківської міської ради);subsidi;s264; ; ;NULL;NULL;3200000000
645;14;м. Бориспіль;м.Бориспіль (УПСЗН Бориспільської міської ради);subsidi;s265; ; ;NULL;NULL;3200000000
646;14;м. Бровари;м.Бровари (УПСЗН Броварської міської ради);subsidi;s266; ; ;NULL;NULL;3200000000
647;14;м. Буча;м.Буча;subsidi;s267; ; ;NULL;NULL;3200000000
648;14;м. Васильків;м.Васильків (УПСЗН Васильківської міської ради);subsidi;s268; ; ;NULL;NULL;3200000000
649;14;м. Ірпінь;м.Ірпінь (УПСЗН Ірпінської міської ради);subsidi;s269; ; ;NULL;NULL;3200000000
650;14;м. Обухів;м.Обухів (УПСЗН Обухівської міської ради);subsidi;s270; ; ;NULL;NULL;3200000000
651;14;м. Переяслав-Хмельницький;м.Переяслав-Хмельницький (УПСЗН Переяслав-Хмельницької міської ради);subsidi;s271; ; ;NULL;NULL;3200000000
652;14;м. Ржищів;м.Ржищів;subsidi;s272; ; ;NULL;NULL;3200000000
653;14;м. Славутич;м.Славутич;subsidi;s273; ; ;NULL;NULL;3200000000
654;14;м. Фастів;м.Фастів (УПСЗН Фастівської міської ради);subsidi;s274; ; ;NULL;NULL;3200000000
655;14;Департамент СЗН Київської ОДА;м.Київ (Департамент СЗН Київської  ОДА);subsidi;s275; ; ;NULL;NULL;NULL
656;14;Департамент СЗН Кіровоградської  ОДА;м.Кіровоград (Департамент СЗН Кіровоградської  ОДА);subsidi;s276; ; ;NULL;NULL;NULL
657;14;Бобринецький район;м.Бобринець;subsidi;s277; ; ;NULL;NULL;3500000000
658;14;Вільшанський район;смт.Вільшанка;subsidi;s278; ; ;NULL;NULL;3500000000
659;14;Гайворонський район;м.Гайворон;subsidi;s279; ; ;NULL;NULL;3500000000
660;14;Голованівський район;смт.Голованівськ;subsidi;s280; ; ;NULL;NULL;3500000000
661;14;Долинський район;м.Долинська;subsidi;s281; ; ;NULL;NULL;3500000000
662;14;Добровеличківський район;смт.Добровеличківка;subsidi;s282; ; ;NULL;NULL;3500000000
663;14;Знам’янський район;м.Знам’янка;subsidi;s283; ; ;NULL;NULL;3500000000
664;14;Кіровоградський район;м.Кіровоград (УПСЗН Кіровоградської  райдержадміністрації);subsidi;s284; ; ;NULL;NULL;3500000000
665;14;Компаніївський район;смт.Компаніївка;subsidi;s285; ; ;NULL;NULL;3500000000
666;14;Маловисківський район;м.М.Виска;subsidi;s286; ; ;NULL;NULL;3500000000
667;14;Новгородківський район;смт.Новгородка;subsidi;s287; ; ;NULL;NULL;3500000000
668;14;Новомиргородський район;м.Новомиргород;subsidi;s288; ; ;NULL;NULL;3500000000
669;14;Новгоархангельський район;смт.Новгоархангельськ;subsidi;s289; ; ;NULL;NULL;3500000000
670;14;Новоукраїнський район;м.Новоукраїнка;subsidi;s290; ; ;NULL;NULL;3500000000
671;14;Олександрійський район;м.Олександрія;subsidi;s291; ; ;NULL;NULL;3500000000
672;14;Олександрівський район, Кіровоградська область;смт.Олександрівка, Кіровоградська область;subsidi;s292; ; ;NULL;NULL;3500000000
673;14;Онуфріївський район;смт.Онуфріївка;subsidi;s293; ; ;NULL;NULL;3500000000
674;14;Петровський район;смт.Петрове;subsidi;s294; ; ;NULL;NULL;3500000000
675;14;Світловодський  район;м.Світловодськ (УПСЗН Світловодської  райдержадміністрації);subsidi;s295; ; ;NULL;NULL;3500000000
676;14;Ульянівський район;м.Ульяновка;subsidi;s296; ; ;NULL;NULL;3500000000
677;14;Устинівський район;смт.Устинівка;subsidi;s297; ; ;NULL;NULL;3500000000
678;14;Кіровський район, м.Кіровоград;Кіровський район  м.Кіровоград;subsidi;s298; ; ;NULL;NULL;3500000000
679;14;Ленінський район, м.Кіровоград;Ленінський район  м.Кіровоград;subsidi;s299; ; ;NULL;NULL;3500000000
680;14;м. Світловодськ;м.Світловодськ (УПСЗН Світловодської  міської ради);subsidi;s300; ; ;NULL;NULL;3500000000
681;14;м. Олександрія;м.Олександрія (УПСЗН Олександрійської  міської ради);subsidi;s301; ; ;NULL;NULL;3500000000
682;14;м. Знам’янка;м.Знам’янка (УПСЗН Знам'янського міськвиконкому);subsidi;s302; ; ;NULL;NULL;3500000000
683;14;УПСЗН Луганської ОДА;м.Сєвєродонецьк (УПСЗН Луганської ОДА);subsidi;s303; ; ;NULL;NULL;NULL
684;14;м. Лисичанськ;м.Лисичанськ;subsidi;s304; ; ;NULL;NULL;4400000000
685;14;м. Рубіжне;м.Рубіжне;subsidi;s305; ; ;NULL;NULL;4400000000
686;14;м. Сєвєродонецьк;м.Сєвєродонецьк (УПСЗН Сєвєродонецької міської ради);subsidi;s306; ; ;NULL;NULL;4400000000
687;14;Біловодський район;м.Біловодськ;subsidi;s307; ; ;NULL;NULL;4400000000
688;14;Білокуракінський район;смт.Білокуракіне;subsidi;s308; ; ;NULL;NULL;4400000000
689;14;Кремінський район;м.Кремінна;subsidi;s309; ; ;NULL;NULL;4400000000
690;14;Марківський район;смт.Марківка;subsidi;s310; ; ;NULL;NULL;4400000000
691;14;Міловський район;с.Мілове;subsidi;s311; ; ;NULL;NULL;4400000000
692;14;Новоайдарівський район;смт.Новоайдар;subsidi;s312; ; ;NULL;NULL;4400000000
693;14;Новопсковський район;м.Новопсков;subsidi;s313; ; ;NULL;NULL;4400000000
694;14;Попаснянський район;м.Попасна;subsidi;s314; ; ;NULL;NULL;4400000000
695;14;Сватівський район;м.Сватове;subsidi;s315; ; ;NULL;NULL;4400000000
696;14;Старобільський район;м.Старобільськ;subsidi;s316; ; ;NULL;NULL;4400000000
697;14;Станичнолуганський район;смт.Станиця Луганська;subsidi;s317; ; ;NULL;NULL;4400000000
698;14;Троїцький район;смт.Троїцьке;subsidi;s318; ; ;NULL;NULL;4400000000
699;14;м. Борислав;м.Борислав;subsidi;s319; ; ;NULL;NULL;4600000000
700;14;м. Дрогобич;м.Дрогобич (УПСЗН Дрогобицької міської ради);subsidi;s320; ; ;NULL;NULL;4600000000
701;14;м. Моршин;м.Моршин;subsidi;s321; ; ;NULL;NULL;4600000000
702;14;м. Самбір;м.Самбір (УПСЗН Управління праці та СЗН);subsidi;s322; ; ;NULL;NULL;4600000000
703;14;м. Стрий;м.Стрий (УПСЗН Стрийської міської ради);subsidi;s323; ; ;NULL;NULL;4600000000
704;14;м. Трускавець;м.Трускавець;subsidi;s324; ; ;NULL;NULL;4600000000
705;14;м. Червоноград;м.Червоноград;subsidi;s325; ; ;NULL;NULL;4600000000
706;14;м. Новий Розділ;м.Новий Розділ;subsidi;s326; ; ;NULL;NULL;4600000000
707;14;м. Львів;м.Львів (Управління соціального захисту департаменту гуманітарної політики Львівської міськради);subsidi;s327; ; ;NULL;NULL;NULL
708;14;Галицький район, м.Львів;Галицький район, м.Львів;subsidi;s328; ; ;NULL;NULL;4600000000
709;14;Залізничний район, м.Львів;Залізничний район, м.Львів;subsidi;s329; ; ;NULL;NULL;4600000000
710;14;Личаківський район, м.Львів;Личаківський район, м.Львів;subsidi;s330; ; ;NULL;NULL;4600000000
711;14;Сихівський район, м.Львів;Сихівський район, м.Львів;subsidi;s331; ; ;NULL;NULL;4600000000
712;14;Франківський район, м.Львів;Франківський район, м.Львів;subsidi;s332; ; ;NULL;NULL;4600000000
713;14;Шевченківський район, м.Львів;Шевченківський район, м.Львів;subsidi;s333; ; ;NULL;NULL;4600000000
714;14;Бродівський район;м.Броди;subsidi;s334; ; ;NULL;NULL;4600000000
715;14;Буський район;м.Буськ;subsidi;s335; ; ;NULL;NULL;4600000000
716;14;Городоцький район;м.Городок (УПСЗН Городоцької РДА);subsidi;s336; ; ;NULL;NULL;4600000000
717;14;Дрогобицький район;м.Дрогобич (УПСЗН Дрогобицької  райдержадміністрації);subsidi;s337; ; ;NULL;NULL;4600000000
718;14;Жидачівський район;м.Жидачів;subsidi;s338; ; ;NULL;NULL;4600000000
719;14;Жовківський район;м.Жовква;subsidi;s339; ; ;NULL;NULL;4600000000
720;14;Золочівський район;м.Золочів;subsidi;s340; ; ;NULL;NULL;4600000000
721;14;Кам’янка-Бузький район;м.Кам’янка-Бузька;subsidi;s341; ; ;NULL;NULL;4600000000
722;14;Миколаївський район;м.Миколаїв Львівська обл.;subsidi;s342; ; ;NULL;NULL;4600000000
723;14;Мостиський район;м.Мостиська;subsidi;s343; ; ;NULL;NULL;4600000000
724;14;Перемишлянський район;м.Перемишляни;subsidi;s344; ; ;NULL;NULL;4600000000
725;14;Пустомитинський район;м.Пустомити;subsidi;s345; ; ;NULL;NULL;4600000000
726;14;Радехівський район;м.Радехів;subsidi;s346; ; ;NULL;NULL;4600000000
727;14;Самбірський район;м.Самбір (УПСЗН Самбірської РДА);subsidi;s347; ; ;NULL;NULL;4600000000
728;14;Сколівський район;м.Сколе;subsidi;s348; ; ;NULL;NULL;4600000000
729;14;Сокальський район;м.Сокаль;subsidi;s349; ; ;NULL;NULL;4600000000
730;14;Старосамбірський район;м.Старий Самбір;subsidi;s350; ; ;NULL;NULL;4600000000
731;14;Стрийський район;м.Стрий (УПСЗН Стрийської  райдержадміністрації);subsidi;s351; ; ;NULL;NULL;4600000000
732;14;Турківський район;м.Турка;subsidi;s352; ; ;NULL;NULL;4600000000
733;14;Яворівський район;м.Яворів;subsidi;s353; ; ;NULL;NULL;4600000000
734;14;Департамент СЗН Миколаївської ОДА;м.Миколаїв (Департамент СЗН ОДА);subsidi;s354; ; ;NULL;NULL;NULL
735;14;УПСЗН м. Миколаїв;м.Миколаїв (УПСЗН Миколаївської міської ради);subsidi;s355; ; ;NULL;NULL;NULL
736;14;Центральний район, м.Миколаїв;Центральний район, м.Миколаїв;subsidi;s356; ; ;NULL;NULL;4800000000
737;14;Заводський район, м.Миколаїв;Заводський район, м.Миколаїв;subsidi;s357; ; ;NULL;NULL;4800000000
738;14;Ленінський район, м.Миколаїв;Ленінський район, м.Миколаїв;subsidi;s358; ; ;NULL;NULL;4800000000
739;14;Корабельний район, м.Миколаїв;Корабельний район, м.Миколаїв;subsidi;s359; ; ;NULL;NULL;4800000000
740;14;м. Первомайськ;м.Первомайськ (УПСЗН Первомайської міської ради);subsidi;s360; ; ;NULL;NULL;4800000000
741;14;м. Вознесенськ;м.Вознесенськ (УПСЗН Вознесенської міської ради);subsidi;s361; ; ;NULL;NULL;4800000000
742;14;м. Южноукраїнськ;м.Южноукраїнськ;subsidi;s362; ; ;NULL;NULL;4800000000
743;14;м. Очаків;м.Очаків (УПСЗН Очаківської міської ради);subsidi;s363; ; ;NULL;NULL;4800000000
744;14;Арбузинський район;смт.Арбузинка;subsidi;s364; ; ;NULL;NULL;4800000000
745;14;Баштанський район;м.Баштанка;subsidi;s365; ; ;NULL;NULL;4800000000
746;14;Березанський район;смт.Березанка;subsidi;s366; ; ;NULL;NULL;4800000000
747;14;Березнегуватський район;смт.Березнегувате;subsidi;s367; ; ;NULL;NULL;4800000000
748;14;Братський район;смт.Братське;subsidi;s368; ; ;NULL;NULL;4800000000
749;14;Веселинівський район;смт.Веселинове;subsidi;s369; ; ;NULL;NULL;4800000000
750;14;Вознесенській район;м.Вознесенськ (УПСЗН Вознесенської  райдержадміністрації);subsidi;s370; ; ;NULL;NULL;4800000000
751;14;Врадіївський район;смт.Врадіївка;subsidi;s371; ; ;NULL;NULL;4800000000
752;14;Доманівський район;смт.Доманівка;subsidi;s372; ; ;NULL;NULL;4800000000
753;14;Єланецький район;смт.Єланець;subsidi;s373; ; ;NULL;NULL;4800000000
754;14;Жовтневий район;м.Миколаїв (УПСЗН Жовтневої райдержадміністрації);subsidi;s374; ; ;NULL;NULL;4800000000
755;14;Казанківський район;смт.Казанка;subsidi;s375; ; ;NULL;NULL;4800000000
756;14;Кривоозерський район;смт.Криве Озеро;subsidi;s376; ; ;NULL;NULL;4800000000
757;14;Миколаївський район;м.Миколаїв (УПСЗН Миколаївської райдержадміністрації);subsidi;s377; ; ;NULL;NULL;4800000000
758;14;Новобузький район;м.Новий Буг;subsidi;s378; ; ;NULL;NULL;4800000000
759;14;Новоодеський район;м.Нова Одеса;subsidi;s379; ; ;NULL;NULL;4800000000
760;14;Очаківський район;м.Очаків (УПСЗН Очаківської райдержадміністрації);subsidi;s380; ; ;NULL;NULL;4800000000
761;14;Снігурівський район;м.Снігурівка;subsidi;s381; ; ;NULL;NULL;4800000000
762;14;Первомайський район);м.Первомайськ (УПСЗН Первомайської райдержадміністрації);subsidi;s382; ; ;NULL;NULL;4800000000
767;14;м. Іллічівськ;м.Іллічівськ;subsidi;s387; ; ;NULL;NULL;5100000000
768;14;м. Білгород-Дністровський;м.Білгород-Дністровський (УПСЗН Білгород-Дністровської міської ради);subsidi;s388; ; ;NULL;NULL;5100000000
769;14;м. Ізмаїл;м.Ізмаїл (УПСЗН Ізмаїльської міської ради);subsidi;s389; ; ;NULL;NULL;5100000000
770;14;м. Котовськ;м.Котовськ (УПСЗН Котовської міської ради);subsidi;s390; ; ;NULL;NULL;5100000000
771;14;м. Южне;м.Южне;subsidi;s391; ; ;NULL;NULL;5100000000
772;14;м. Теплодар;м.Теплодар;subsidi;s392; ; ;NULL;NULL;5100000000
773;14;Ананьївський район;м.Ананьїв;subsidi;s393; ; ;NULL;NULL;5100000000
774;14;Арцизький район;м.Арциз;subsidi;s394; ; ;NULL;NULL;5100000000
775;14;Балтський район;м.Балта;subsidi;s395; ; ;NULL;NULL;5100000000
776;14;Березівський район;м.Березівка;subsidi;s396; ; ;NULL;NULL;5100000000
777;14;Білгород-Дністровський район;м.Білгород-Дністровський (УПСЗН Білгород-Дністровської райдержадміністрації);subsidi;s397; ; ;NULL;NULL;5100000000
778;14;Біляївський район;м.Беляївка;subsidi;s398; ; ;NULL;NULL;5100000000
779;14;Болградський район;м.Болград;subsidi;s399; ; ;NULL;NULL;5100000000
780;14;Великомихайлівський район;смт.Велика Михайлівка;subsidi;s400; ; ;NULL;NULL;5100000000
781;14;Іванівський район;смт.Іванівка, Одеська область;subsidi;s401; ; ;NULL;NULL;5100000000
782;14;Ізмаїльський район;м.Ізмаїл (УПСЗН Ізмаїльської райдержадміністрації);subsidi;s402; ; ;NULL;NULL;5100000000
783;14;Кілійський район;м.Кілія;subsidi;s403; ; ;NULL;NULL;5100000000
784;14;Кодимський район;м.Кодима;subsidi;s404; ; ;NULL;NULL;5100000000
785;14;Комінтернівський район;смт.Комінтернівське;subsidi;s405; ; ;NULL;NULL;5100000000
786;14;Котовський район;м.Котовськ (УПСЗН Котовської  районної державної адміністрації);subsidi;s406; ; ;NULL;NULL;5100000000
787;14;Красноокнянський район;смт.Красні Окни;subsidi;s407; ; ;NULL;NULL;5100000000
788;14;Любашівський район;смт.Любашівка;subsidi;s408; ; ;NULL;NULL;5100000000
789;14;Миколаївський район;смт.Миколаївка, Одеська область;subsidi;s409; ; ;NULL;NULL;5100000000
790;14;Овідіопольський район;смт Овідіополь;subsidi;s410; ; ;NULL;NULL;5100000000
791;14;Роздільнянський район;м.Роздільна;subsidi;s411; ; ;NULL;NULL;5100000000
792;14;Рейнянський район;м.Рені;subsidi;s412; ; ;NULL;NULL;5100000000
793;14;Савранський район;смт.Саврань;subsidi;s413; ; ;NULL;NULL;5100000000
794;14;Саратський район;смт.Сарата;subsidi;s414; ; ;NULL;NULL;5100000000
795;14;Тарутинський район;смт.Тарутине;subsidi;s415; ; ;NULL;NULL;5100000000
796;14;Татарбунарський район;м.Татарбунари;subsidi;s416; ; ;NULL;NULL;5100000000
797;14;Фрунзівський район;смт.Фрунзівка;subsidi;s417; ; ;NULL;NULL;5100000000
798;14;Ширяївський район;смт.Ширяєве;subsidi;s418; ; ;NULL;NULL;5100000000
799;14;м. Комсомольськ;м.Комсомольськ;subsidi;s419; ; ;NULL;NULL;5300000000
800;14;м. Лубни;м.Лубни (УПСЗН Лубенської міської ради);subsidi;s420; ; ;NULL;NULL;5300000000
801;14;м. Миргород;м.Миргород (УПСЗН Миргородської міської ради);subsidi;s421; ; ;NULL;NULL;5300000000
802;14;Октябрський район, м.Полтава;Октябрський район, м.Полтава;subsidi;s422; ; ;NULL;NULL;5300000000
803;14;Київський район, м.Полтава;Київський район, м.Полтава;subsidi;s423; ; ;NULL;NULL;5300000000
804;14;Ленінський район, м.Полтава;Ленінський район, м.Полтава;subsidi;s424; ; ;NULL;NULL;5300000000
805;14;Автозаводський район, м.Кременчук;Автозаводський район, м.Кременчук;subsidi;s425; ; ;NULL;NULL;5300000000
806;14;Крюківський район, м.Кременчук;Крюківський район, м.Кременчук;subsidi;s426; ; ;NULL;NULL;5300000000
807;14;Великобагачський район;смт.Велика Багачка;subsidi;s427; ; ;NULL;NULL;5300000000
808;14;Гадяцький район;м.Гадяч;subsidi;s428; ; ;NULL;NULL;5300000000
809;14;Глобинський район;м.Глобино;subsidi;s429; ; ;NULL;NULL;5300000000
810;14;Гребінецький район;м.Гребінка;subsidi;s430; ; ;NULL;NULL;5300000000
811;14;Диканський район;смт.Диканька;subsidi;s431; ; ;NULL;NULL;5300000000
812;14;Зіньківський район;м.Зіньків;subsidi;s432; ; ;NULL;NULL;5300000000
813;14;Карлівський район;м.Карлівка;subsidi;s433; ; ;NULL;NULL;5300000000
814;14;Кобеляцький район;м.Кобеляки;subsidi;s434; ; ;NULL;NULL;5300000000
815;14;Козельщинський район;смт.Козельщина;subsidi;s435; ; ;NULL;NULL;5300000000
816;14;Котелевський район;смт.Котельва;subsidi;s436; ; ;NULL;NULL;5300000000
817;14;Кременчуцький район;м.Кременчук (УПСЗН Кременчуцької райдержадміністрації);subsidi;s437; ; ;NULL;NULL;5300000000
818;14;Лохвицький район;м.Лохвиця;subsidi;s438; ; ;NULL;NULL;5300000000
819;14;Лубенський район;м.Лубни (УПСЗН Лубенської райдержадміністрації);subsidi;s439; ; ;NULL;NULL;5300000000
820;14;Машівський район;смт.Машівка;subsidi;s440; ; ;NULL;NULL;5300000000
821;14;Миргородський район;м.Миргород (УПСЗН Миргородської райдержадміністрації);subsidi;s441; ; ;NULL;NULL;5300000000
822;14;Новосанжарский район;смт.Нові Санжари;subsidi;s442; ; ;NULL;NULL;5300000000
823;14;Оржицький район;смт.Оржиця;subsidi;s443; ; ;NULL;NULL;5300000000
824;14;Пирятинський район;м.Пирятин;subsidi;s444; ; ;NULL;NULL;5300000000
825;14;Полтавський район;м.Полтава (УПСЗН Полтавської райдержадміністрації);subsidi;s445; ; ;NULL;NULL;5300000000
826;14;Решетилівський район;смт.Решетилівка;subsidi;s446; ; ;NULL;NULL;5300000000
827;14;Семенівський район;смт.Семенівка;subsidi;s447; ; ;NULL;NULL;5300000000
828;14;Хорольський район;м.Хорол;subsidi;s448; ; ;NULL;NULL;5300000000
829;14;Чорнухинський район;смт.Чорнухи;subsidi;s449; ; ;NULL;NULL;5300000000
830;14;Чутівський район;смт.Чутове;subsidi;s450; ; ;NULL;NULL;5300000000
831;14;Шишацький район;смт.Шишаки;subsidi;s451; ; ;NULL;NULL;5300000000
832;14;УПСЗН Полтавської ОДА;м.Полтава (УПСЗН Полтавської ОДА);subsidi;s452; ; ;NULL;NULL;NULL
833;14;Березнінський район;м.Березне;subsidi;s453; ; ;NULL;NULL;5600000000
834;14;Володимирецький район;смт.Володимирець;subsidi;s454; ; ;NULL;NULL;5600000000
835;14;Гощанський район;смт.Гоща;subsidi;s455; ; ;NULL;NULL;5600000000
836;14;Демидівський район;смт.Демидівка;subsidi;s456; ; ;NULL;NULL;5600000000
837;14;Дубенський район;м.Дубно (УПСЗН Дубенської районної державної адміністрації);subsidi;s457; ; ;NULL;NULL;5600000000
838;14;Дубровицький район;м.Дубровиця;subsidi;s458; ; ;NULL;NULL;5600000000
839;14;Заріченський район;смт.Зарічне;subsidi;s459; ; ;NULL;NULL;5600000000
840;14;Здолбунівський район;м.Здолбунів;subsidi;s460; ; ;NULL;NULL;5600000000
841;14;Корецький район;м.Корець;subsidi;s461; ; ;NULL;NULL;5600000000
842;14;Костопільський район;м.Костопіль;subsidi;s462; ; ;NULL;NULL;5600000000
843;14;Млинівський район;смт.Млинів;subsidi;s463; ; ;NULL;NULL;5600000000
844;14;Острозький район;м.Острог (УПСЗН районної державної адміністрації);subsidi;s464; ; ;NULL;NULL;5600000000
845;14;Радивилівський район;м.Радивилів;subsidi;s465; ; ;NULL;NULL;5600000000
846;14;Рівненський район;м.Рівне (УПСЗН Рівненської районної державної адміністрації);subsidi;s466; ; ;NULL;NULL;5600000000
847;14;Рокитнянський район, Рівненська обл.;смт.Рокитне, Рівненська обл.;subsidi;s467; ; ;NULL;NULL;5600000000
848;14;Сарненський район;м.Сарни;subsidi;s468; ; ;NULL;NULL;5600000000
849;14;м. Дубно;м.Дубно (УПСЗН Дубенської міської ради);subsidi;s469; ; ;NULL;NULL;5600000000
850;14;м. Кузнецовськ;м.Кузнецовськ (УПСЗН Кузнецовської міської ради);subsidi;s470; ; ;NULL;NULL;5600000000
851;14;м. Острог;м.Острог (УПСЗН Острозької міської ради);subsidi;s471; ; ;NULL;NULL;5600000000
852;14;м. Рівне;м.Рівне (УПСЗН Рівненської міської ради);subsidi;s472; ; ;NULL;NULL;5600000000
853;14;УУПСЗН Рівненської ОДА;м.Рівне (УУПСЗН Рівненської ОДА);subsidi;s473; ; ;NULL;NULL;NULL
854;14;Білопільський район;м.Білопілля;subsidi;s474; ; ;NULL;NULL;5900000000
855;14;Буринський район;м.Буринь;subsidi;s475; ; ;NULL;NULL;5900000000
856;14;Великописарівський район;смт.Велика Писарівка;subsidi;s476; ; ;NULL;NULL;5900000000
857;14;Глухівський район;м.Глухів (УПСЗН Глухівської районної державної адміністрації);subsidi;s477; ; ;NULL;NULL;5900000000
858;14;Конотопський район;м.Конотоп (УПСЗН Конотопської районної державної адміністрації);subsidi;s478; ; ;NULL;NULL;5900000000
859;14;Кролевецький район;м.Кролевець;subsidi;s479; ; ;NULL;NULL;5900000000
860;14;Краснопільський район;смт.Краснопілля;subsidi;s480; ; ;NULL;NULL;5900000000
861;14;Лебединський район;м.Лебедин (УПСЗН Лебединської районної державної адміністрації);subsidi;s481; ; ;NULL;NULL;5900000000
862;14;Липоводолинський район;смт.Липова;subsidi;s482; ; ;NULL;NULL;5900000000
863;14;Недригайлівський район;смт.Недригайлів;subsidi;s483; ; ;NULL;NULL;5900000000
864;14;Охтирський район;м.Охтирка (УПСЗН Охтирської районної державної адміністрації);subsidi;s484; ; ;NULL;NULL;5900000000
865;14;Путивлівський район;м.Путивль;subsidi;s485; ; ;NULL;NULL;5900000000
866;14;Роменський район;м.Ромни (УПСЗН  Роменської районної державної адміністрації);subsidi;s486; ; ;NULL;NULL;5900000000
867;14;Середина-Будський район;м.Середина-Буда;subsidi;s487; ; ;NULL;NULL;5900000000
868;14;Сумський район;м.Суми;subsidi;s488; ; ;NULL;NULL;5900000000
869;14;Тростянецький район;м.Тростянець, Сумська область;subsidi;s489; ; ;NULL;NULL;5900000000
870;14;Шосткінський район;м.Шостка;subsidi;s490; ; ;NULL;NULL;5900000000
871;14;Ямпільський район;смт.Ямпіль;subsidi;s491; ; ;NULL;NULL;5900000000
872;14;м. Глухів;м.Глухів (УПСЗН Глухівської міської ради);subsidi;s492; ; ;NULL;NULL;5900000000
873;14;м. Конотоп;м.Конотоп (УПСЗН  Конотопської міської ради);subsidi;s493; ; ;NULL;NULL;5900000000
874;14;м. Лебедин;м.Лебедин (УПСЗН  Лебединськой міської ради);subsidi;s494; ; ;NULL;NULL;5900000000
875;14;м. Охтирка;м.Охтирка (УПСЗН  Охтирської міської ради);subsidi;s495; ; ;NULL;NULL;5900000000
876;14;м. Ромни;м.Ромни (УПСЗН  Роменської міської ради);subsidi;s496; ; ;NULL;NULL;5900000000
877;14;м. Шостка;Управління праці та СЗН Шосткинської міської ради;subsidi;s497; ; ;NULL;NULL;5900000000
878;14;м. Суми;м.Суми (УПСЗН Сумської міської ради);subsidi;s498; ; ;NULL;NULL;5900000000
879;14;УПСЗН Сумської ОДА;м.Суми (УПСЗН Сумської ОДА);subsidi;s499; ; ;NULL;NULL;NULL
880;14;УПСЗН Тернопільської ОДА;м.Тернопіль (УПСЗН Тернопільської ОДА);subsidi;s500; ; ;NULL;NULL;NULL
881;14;Бережанський район;м.Бережани;subsidi;s501; ; ;NULL;NULL;6100000000
882;14;Борщівський район;м.Борщів;subsidi;s502; ; ;NULL;NULL;6100000000
883;14;Бучацький район;м.Бучач;subsidi;s503; ; ;NULL;NULL;6100000000
884;14;Гусятинський район;с.Гусятин;subsidi;s504; ; ;NULL;NULL;6100000000
885;14;Заліщицький район;м.Заліщики;subsidi;s505; ; ;NULL;NULL;6100000000
886;14;Збаражський район;м.Збараж;subsidi;s506; ; ;NULL;NULL;6100000000
887;14;Зборівський район;м.Зборів;subsidi;s507; ; ;NULL;NULL;6100000000
888;14;Козівський район;смт.Козова;subsidi;s508; ; ;NULL;NULL;6100000000
889;14;Кременецький район;м.Кременець;subsidi;s509; ; ;NULL;NULL;6100000000
890;14;Ланівецький район;м.Ланівці;subsidi;s510; ; ;NULL;NULL;6100000000
891;14;Монастириський район;м.Монастириська;subsidi;s511; ; ;NULL;NULL;6100000000
892;14;Підволочиський район;смт.Підволочиськ;subsidi;s512; ; ;NULL;NULL;6100000000
893;14;Підгаєцький район;м.Підгайці;subsidi;s513; ; ;NULL;NULL;6100000000
894;14;Теребовлянський район;м.Теребовля;subsidi;s514; ; ;NULL;NULL;6100000000
895;14;Тернопільський район;м.Тернопіль (УПСЗН Тернопільської районної державної адміністрації);subsidi;s515; ; ;NULL;NULL;6100000000
896;14;Чортківський район;м.Чортків (УПСЗН Чортківської районної державної адміністрації);subsidi;s516; ; ;NULL;NULL;6100000000
897;14;Шумський район;м.Шумськ;subsidi;s517; ; ;NULL;NULL;6100000000
898;14;м. Чортків;м.Чортків (УПСЗН  Чортківської міської ради);subsidi;s518; ; ;NULL;NULL;6100000000
899;14;м. Тернопіль;м.Тернопіль (УПСЗН Тернопільської міської ради);subsidi;s519; ; ;NULL;NULL;6100000000
900;14;Барвінківський район;м.Барвінкове;subsidi;s520; ; ;NULL;NULL;6300000000
901;14;Балаклійський район;м.Балаклія;subsidi;s521; ; ;NULL;NULL;6300000000
902;14;Богодухівський район;м.Богодухів;subsidi;s522; ; ;NULL;NULL;6300000000
903;14;Борівський район;смт.Борова;subsidi;s523; ; ;NULL;NULL;6300000000
904;14;Близнюківський район;смт.Близнюки;subsidi;s524; ; ;NULL;NULL;6300000000
905;14;Валківський район;м.Валки;subsidi;s525; ; ;NULL;NULL;6300000000
906;14;Великобурлуцький район;смт.Великий Бурлук;subsidi;s526; ; ;NULL;NULL;6300000000
907;14;Вовчанський район;м.Вовчанськ;subsidi;s527; ; ;NULL;NULL;6300000000
908;14;Дворічанський район;смт.Дворічна;subsidi;s528; ; ;NULL;NULL;6300000000
909;14;Дергачівський район;м.Дергачі;subsidi;s529; ; ;NULL;NULL;6300000000
910;14;Зачепилівський район;смт.Зачепилівка;subsidi;s530; ; ;NULL;NULL;6300000000
911;14;Зміївський район;м.Зміїв;subsidi;s531; ; ;NULL;NULL;6300000000
912;14;Золочівський район;смт.Золочів;subsidi;s532; ; ;NULL;NULL;6300000000
913;14;Ізюмський район;м.Ізюм (УПСЗН Ізюмської районної державної адміністрації);subsidi;s533; ; ;NULL;NULL;6300000000
914;14;Красноградський район;м.Красноград;subsidi;s534; ; ;NULL;NULL;6300000000
915;14;Кегичівський район;смт.Кегичівка;subsidi;s535; ; ;NULL;NULL;6300000000
916;14;Краснокутський район;смт.Краснокутськ;subsidi;s536; ; ;NULL;NULL;6300000000
917;14;Куп'янський район;м.Куп'янськ (УПСЗН Купянської районної державної адміністрації);subsidi;s537; ; ;NULL;NULL;6300000000
918;14;Коломацький район;смт.Коломак;subsidi;s538; ; ;NULL;NULL;6300000000
919;14;Катеринівський район;с. Катеринівка;subsidi;s539; ; ;NULL;NULL;6300000000
920;14;Нововодолазький район;смт.Нова Водолага;subsidi;s540; ; ;NULL;NULL;6300000000
921;14;Первомайський район;м.Первомайський (УПСЗН Первомайської районної державної адміністрації);subsidi;s541; ; ;NULL;NULL;6300000000
922;14;Печенізький район;смт.Печеніги;subsidi;s542; ; ;NULL;NULL;6300000000
923;14;Сахновщинський район;cмт.Сахновщина;subsidi;s543; ; ;NULL;NULL;6300000000
924;14;Харківський район;м.Харків (УПСЗН Харківської районної державної адміністрації);subsidi;s544; ; ;NULL;NULL;6300000000
925;14;Чугуївський район;м.Чугуїв (УПСЗН Чугуївської районної державної адміністрації);subsidi;s545; ; ;NULL;NULL;6300000000
926;14;Шевченківський район;смт.Шевченкове;subsidi;s546; ; ;NULL;NULL;6300000000
927;14;м. Первомайський;м.Первомайський (УПСЗН Первомайської  міської ради);subsidi;s547; ; ;NULL;NULL;6300000000
928;14;м. Куп'янськ;м.Куп'янськ (УПСЗН Куп҆янської міської ради);subsidi;s548; ; ;NULL;NULL;6300000000
929;14;м. Чугуїв;м.Чугуїв (УПСЗН  Чугуївської міської ради);subsidi;s549; ; ;NULL;NULL;6300000000
930;14;м. Ізюм;м.Ізюм (УПСЗН Ізюмської міської ради);subsidi;s550; ; ;NULL;NULL;6300000000
931;14;м. Люботин;м.Люботин;subsidi;s551; ; ;NULL;NULL;6300000000
932;14;м. Лозова;м.Лозова;subsidi;s552; ; ;NULL;NULL;6300000000
933;14;Дзержинського район, м.Харків;Дзержинського район, м.Харків;subsidi;s553; ; ;NULL;NULL;6300000000
934;14;Київський район, м.Харків;Київський район, м.Харків;subsidi;s554; ; ;NULL;NULL;6300000000
935;14;Московський район, м.Харків;Московський район, м.Харків;subsidi;s555; ; ;NULL;NULL;6300000000
936;14;Комінтернівський район, м.Харків;Комінтернівський район, м.Харків;subsidi;s556; ; ;NULL;NULL;6300000000
937;14;Червонозаводський район, м.Харків;Червонозаводський район, м.Харків;subsidi;s557; ; ;NULL;NULL;6300000000
938;14;Ленінський район, м.Харків;Ленінський район, м.Харків;subsidi;s558; ; ;NULL;NULL;6300000000
939;14;Орджонікідзевський район, м.Харків;Орджонікідзевський район, м.Харків;subsidi;s559; ; ;NULL;NULL;6300000000
940;14;Жовтневий район, м.Харків;Жовтневий район, м.Харків;subsidi;s560; ; ;NULL;NULL;6300000000
941;14;Фрунзенський район, м.Харків;Фрунзенський район, м.Харків;subsidi;s561; ; ;NULL;NULL;6300000000
942;14;УПСЗН Харківьскої ОДА;м.Харків (УПСЗН ОДА);subsidi;s562; ; ;NULL;NULL;NULL
943;14;УПСЗН Херсонської ОДА;м.Херсон (УПСЗН Херсонської ОДА);subsidi;s563; ; ;NULL;NULL;NULL
944;14;Бериславський район;м.Берислав;subsidi;s564; ; ;NULL;NULL;6500000000
945;14;Білозерський район;смт.Білозерка;subsidi;s565; ; ;NULL;NULL;6500000000
946;14;Великолепетиський район;смт.Велика Лепетиха;subsidi;s566; ; ;NULL;NULL;6500000000
947;14;Великоолександрівський район;смт.В.Олександрівка;subsidi;s567; ; ;NULL;NULL;6500000000
948;14;Верхньорогачицький район;смт.Верхній Рогачик;subsidi;s568; ; ;NULL;NULL;6500000000
949;14;Високопільський район;смт.Високопілля;subsidi;s569; ; ;NULL;NULL;6500000000
950;14;Генічеський район;м.Генічеськ;subsidi;s570; ; ;NULL;NULL;6500000000
951;14;Голопристанський район;м.Гола Пристань (УПСЗН Голопристанської районної державної адміністрації);subsidi;s571; ; ;NULL;NULL;6500000000
952;14;м. Гола Пристань;м.Гола Пристань (УПСЗН Голопристанської міської ради);subsidi;s572; ; ;NULL;NULL;6500000000
953;14;Горностаївський район;смт.Горностаївка;subsidi;s573; ; ;NULL;NULL;6500000000
954;14;Іванівський район;смт.Іванівка, Херсонська область;subsidi;s574; ; ;NULL;NULL;6500000000
955;14;Каланчацький район;смт.Каланчак;subsidi;s575; ; ;NULL;NULL;6500000000
956;14;Каховський район;м.Каховка (УПСЗН Каховської районної державної адміністрації);subsidi;s576; ; ;NULL;NULL;6500000000
957;14;м. Каховка;м.Каховка (УПСЗН Каховської міської ради);subsidi;s577; ; ;NULL;NULL;6500000000
958;14;м. Нова Каховка;м.Нова Каховка;subsidi;s578; ; ;NULL;NULL;6500000000
959;14;Нижньосірогозський район;смт.Нижні;subsidi;s579; ; ;NULL;NULL;6500000000
960;14;Нововоронцовський район;смт.Нововоронцовка;subsidi;s580; ; ;NULL;NULL;6500000000
961;14;Новотроїцький район;смт.Новотроїцьке;subsidi;s581; ; ;NULL;NULL;6500000000
962;14;Скадовський район;м.Скадовськ;subsidi;s582; ; ;NULL;NULL;6500000000
963;14;Цюрупинський район;м.Цюрупинськ;subsidi;s583; ; ;NULL;NULL;6500000000
964;14;Чаплинський район;смт.Чаплинка;subsidi;s584; ; ;NULL;NULL;6500000000
965;14;Комсомольський район, м.Херсон;Комсомольський район, м.Херсон;subsidi;s585; ; ;NULL;NULL;6500000000
966;14;Дніпровський район, м.Херсон;Дніпровський район, м.Херсон;subsidi;s586; ; ;NULL;NULL;6500000000
967;14;Суворовський район, м.Херсон;Суворовської район, м.Херсон;subsidi;s587; ; ;NULL;NULL;6500000000
968;14;УПСЗН Хмельницької ОДА;м.Хмельницький (УПСЗН Хмельницької ОДА);subsidi;s588; ; ;NULL;NULL;NULL
969;14;Білогірський район;смт.Білогіря;subsidi;s589; ; ;NULL;NULL;6800000000
970;14;Віньківський район;смт.Віньківці;subsidi;s590; ; ;NULL;NULL;6800000000
971;14;Волочиський район;м.Волочиськ;subsidi;s591; ; ;NULL;NULL;6800000000
972;14;Городоцький район;м.Городок (УПСЗН Городоцької районної державної адміністрації);subsidi;s592; ; ;NULL;NULL;6800000000
973;14;Деражнянський район;м.Деражня;subsidi;s593; ; ;NULL;NULL;6800000000
974;14;Дунаївський район;м.Дунаївці;subsidi;s594; ; ;NULL;NULL;6800000000
975;14;Ізяславський район;м.Ізяслав;subsidi;s595; ; ;NULL;NULL;6800000000
976;14;Кам’янець-Подільський район;м.Кам’янець-Подільський (УПСЗН  Кам’янець-Подільської районної державної адміністрації );subsidi;s596; ; ;NULL;NULL;6800000000
977;14;Красилівський район;м.Красилів;subsidi;s597; ; ;NULL;NULL;6800000000
978;14;Летичівський район;смт.Летичів;subsidi;s598; ; ;NULL;NULL;6800000000
979;14;Новоушицький район;м.Нова Ушиця;subsidi;s599; ; ;NULL;NULL;6800000000
980;14;Полонський район;м.Полонне;subsidi;s600; ; ;NULL;NULL;6800000000
981;14;Славутський район;м.Славута (УПСЗН Славутської райдержадміністрації);subsidi;s601; ; ;NULL;NULL;6800000000
982;14;Старокостянтинівський район;м.Старокостянтинів (УПСЗН Старокостянтинівської райдержадміністрації);subsidi;s602; ; ;NULL;NULL;6800000000
983;14;Старосинявський район;смт. Стара Синява;subsidi;s603; ; ;NULL;NULL;6800000000
984;14;Теофіпольський район;смт.Теофіполь;subsidi;s604; ; ;NULL;NULL;6800000000
985;14;Хмельницький район;м.Хмельницький (УПСЗН Хмельницької районної державної адміністрації);subsidi;s605; ; ;NULL;NULL;6800000000
986;14;Чемерівецький район;смт.Чемерівці;subsidi;s606; ; ;NULL;NULL;6800000000
987;14;Шепетівський район;м.Шепетівка (УПСЗН Шепетівської райдержадміністрації);subsidi;s607; ; ;NULL;NULL;6800000000
988;14;Ярмолинецький район;смт.Ярмолинці;subsidi;s608; ; ;NULL;NULL;6800000000
989;14;м. Кам’янець-Подільський;м.Кам’янець-Подільський (УПСЗН Кам’янець-Подільської міської ради);subsidi;s609; ; ;NULL;NULL;6800000000
990;14;м. Нетішин;м.Нетішин;subsidi;s610; ; ;NULL;NULL;6800000000
991;14;м. Славута;м.Славута (УПСЗН Славутської  міської адміністрації);subsidi;s611; ; ;NULL;NULL;6800000000
992;14;м. Старокостянтинів;м.Старокостянтинів (УПСЗН Старокостянтинівської міської ради);subsidi;s612; ; ;NULL;NULL;6800000000
993;14;м. Хмельницький;м.Хмельницький (УПСЗН  Хмельницької міської ради);subsidi;s613; ; ;NULL;NULL;6800000000
994;14;м. Шепетівка;м.Шепетівка (УПСЗН Шепетівської міської ради);subsidi;s614; ; ;NULL;NULL;6800000000
995;14;Придніпровський район, м.Черкаси;Придніпровський район, м.Черкаси;subsidi;s615; ; ;NULL;NULL;7100000000
996;14;Соснівський район, м.Черкаси;Соснівський район, м.Черкаси;subsidi;s616; ; ;NULL;NULL;7100000000
997;14;м. Канів;м.Канів (УПСЗН Канівської міської ради);subsidi;s617; ; ;NULL;NULL;7100000000
998;14;м. Сміла;м.Сміла (УПСЗН Смілянської міської ради);subsidi;s618; ; ;NULL;NULL;7100000000
999;14;м. Умань;м.Умань (УПСЗН Уманської міської ради);subsidi;s619; ; ;NULL;NULL;7100000000
1000;14;м. Золотоноша;м.Золотоноша (УПСЗН Золотоніської міської ради);subsidi;s620; ; ;NULL;NULL;7100000000
1001;14;м. Ватутіне;м.Ватутіне;subsidi;s621; ; ;NULL;NULL;7100000000
1002;14;Городищенський район;м.Городище;subsidi;s622; ; ;NULL;NULL;7100000000
1003;14;Драбівський район;смт.Драбів;subsidi;s623; ; ;NULL;NULL;7100000000
1004;14;Жашківський район;м.Жашків;subsidi;s624; ; ;NULL;NULL;7100000000
1005;14;Звенигородський район;м.Звенигородка;subsidi;s625; ; ;NULL;NULL;7100000000
1006;14;Золотоніський район;м.Золотоноша (УПСЗН  Золотоніської райдержадміністрації);subsidi;s626; ; ;NULL;NULL;7100000000
1007;14;Кам’янський район;м.Кам’янка;subsidi;s627; ; ;NULL;NULL;7100000000
1008;14;Канівський район;м.Канів (УПСЗН Канівської райдержадміністрації);subsidi;s628; ; ;NULL;NULL;7100000000
1009;14;Корсунь-Шевченківський район;м.Корсунь-Шевченківський;subsidi;s629; ; ;NULL;NULL;7100000000
1010;14;Катеринопільський район;смт.Катеринопіль;subsidi;s630; ; ;NULL;NULL;7100000000
1011;14;Лисянський район;смт.Лисянка;subsidi;s631; ; ;NULL;NULL;7100000000
1012;14;Маньківський район;смт.Маньківка;subsidi;s632; ; ;NULL;NULL;7100000000
1013;14;Монастирищинський район;м.Монастирище;subsidi;s633; ; ;NULL;NULL;7100000000
1014;14;Смілянський район;м.Сміла (УПСЗН Смілянської райдержадміністрації);subsidi;s634; ; ;NULL;NULL;7100000000
1015;14;Тальнівський район;м.Тальне;subsidi;s635; ; ;NULL;NULL;7100000000
1016;14;Уманський район;м.Умань (УПСЗН Уманської райдержадміністрації);subsidi;s636; ; ;NULL;NULL;7100000000
1017;14;Христинівський район;м.Христинівка;subsidi;s637; ; ;NULL;NULL;7100000000
1018;14;Чорнобайський район;смт.Чорнобай;subsidi;s638; ; ;NULL;NULL;7100000000
1019;14;Черкаський район;м.Черкаси (УПСЗН Черкаської районної державної адміністрації);subsidi;s639; ; ;NULL;NULL;7100000000
1020;14;Чигиринський район;Управління СЗН Чигиринської райдержадміністрації;subsidi;s640; ; ;NULL;NULL;7100000000
1021;14;Шполянський район;м.Шпола;subsidi;s641; ; ;NULL;NULL;7100000000
1022;14;УПСЗН Черкаської ОДА;м.Черкаси (УПСЗН Черкаської ОДА);subsidi;s642; ; ;NULL;NULL;NULL
1023;14;УПСЗН Чернівецької ОДА;м.Чернівці (УПСЗН Чернівецької ОДА);subsidi;s643; ; ;NULL;NULL;NULL
1024;14;УПСЗН Чернівецької міської ради;м.Чернівці (УПСЗН Чернівецької міської ради);subsidi;s644; ; ;NULL;NULL;NULL
1025;14;Шевченківський район, м. Чернівці;Шевченківський район, м.Чернівці;subsidi;s645; ; ;NULL;NULL;7300000000
1026;14;Першотравневий район, м. Чернівці;Першотравневий район, м.Чернівці;subsidi;s646; ; ;NULL;NULL;7300000000
1027;14;Садгірський район, м. Чернівці;Садгірський район, м.Чернівці;subsidi;s647; ; ;NULL;NULL;7300000000
1028;14;м. Новодністровськ;м.Новодністровськ;subsidi;s648; ; ;NULL;NULL;7300000000
1029;14;Вижницький район;м.Вижниця;subsidi;s649; ; ;NULL;NULL;7300000000
1030;14;Герцаївський район;м.Герца;subsidi;s650; ; ;NULL;NULL;7300000000
1031;14;Глибоцький район;смт.Глибока;subsidi;s651; ; ;NULL;NULL;7300000000
1032;14;Заставнівський район;м.Заставна;subsidi;s652; ; ;NULL;NULL;7300000000
1033;14;Кельменецький район;смт.Кельменці;subsidi;s653; ; ;NULL;NULL;7300000000
1034;14;Кіцманський район;м.Кіцмань;subsidi;s654; ; ;NULL;NULL;7300000000
1035;14;Новоселицький район;м.Новоселиця;subsidi;s655; ; ;NULL;NULL;7300000000
1036;14;Путильський район;смт.Путила;subsidi;s656; ; ;NULL;NULL;7300000000
1037;14;Сокирянський район;м.Сокиряни;subsidi;s657; ; ;NULL;NULL;7300000000
1038;14;Сторожинецький район;м.Сторожинець;subsidi;s658; ; ;NULL;NULL;7300000000
1039;14;Хотинський район;м.Хотин;subsidi;s659; ; ;NULL;NULL;7300000000
1040;14;УПСЗН Чернігівської ОДА;м.Чернігів (УПСЗН Чернігівської ОДА);subsidi;s660; ; ;NULL;NULL;NULL
1041;14;Бахмацький район;м.Бахмач;subsidi;s661; ; ;NULL;NULL;7400000000
1042;14;Бобровицький район;м.Бобровиця;subsidi;s662; ; ;NULL;NULL;7400000000
1043;14;Борзнянський район;м.Борзна;subsidi;s663; ; ;NULL;NULL;7400000000
1044;14;Варвинський район;смт.Варва;subsidi;s664; ; ;NULL;NULL;7400000000
1045;14;Городнянський район;м.Городня;subsidi;s665; ; ;NULL;NULL;7400000000
1046;14;Ічнянський район;м.Ічня;subsidi;s666; ; ;NULL;NULL;7400000000
1047;14;Козелецький район;смт.Козелець;subsidi;s667; ; ;NULL;NULL;7400000000
1048;14;Коропський район;смт.Короп;subsidi;s668; ; ;NULL;NULL;7400000000
1049;14;Корюківський район;м.Корюківка;subsidi;s669; ; ;NULL;NULL;7400000000
1050;14;Куликівський район;смт.Куликівка;subsidi;s670; ; ;NULL;NULL;7400000000
1051;14;Менський район;м.Мена;subsidi;s671; ; ;NULL;NULL;7400000000
1052;14;Ніжинський район;м.Ніжин (УПСЗН Ніжинської райдержадміністрації);subsidi;s672; ; ;NULL;NULL;7400000000
1053;14;Новгород-Сіверський район;м.Новгород-Сіверський (УПСЗН Новгород-Сіверської райдержадміністрації);subsidi;s673; ; ;NULL;NULL;7400000000
1054;14;Носівський район;м.Носівка;subsidi;s674; ; ;NULL;NULL;7400000000
1055;14;Прилуцький район;м.Прилуки (УПСЗН Прилуцької райдержадміністрації);subsidi;s675; ; ;NULL;NULL;7400000000
1056;14;Ріпкинський район;смт.Ріпки;subsidi;s676; ; ;NULL;NULL;7400000000
1057;14;Семенівський район;м.Семенівка;subsidi;s677; ; ;NULL;NULL;7400000000
1058;14;Сосницький район;смт.Сосниця;subsidi;s678; ; ;NULL;NULL;7400000000
1059;14;Срібнянський район;смт.Срібне;subsidi;s679; ; ;NULL;NULL;7400000000
1060;14;Талалаївський район;смт.Талалаївка;subsidi;s680; ; ;NULL;NULL;7400000000
1061;14;Чернігівський район;м.Чернігів (УПСЗН Чернігівської райдержадміністрації);subsidi;s681; ; ;NULL;NULL;7400000000
1062;14;Щорський район;м.Щорс;subsidi;s682; ; ;NULL;NULL;7400000000
1063;14;м. Ніжин;м.Ніжин (УПСЗН Ніжинської міської ради);subsidi;s683; ; ;NULL;NULL;7400000000
1064;14;м. Новгород-Сіверський;м.Новгород-Сіверський (УПСЗН Новгород-Сіверської міської ради);subsidi;s684; ; ;NULL;NULL;7400000000
1065;14;м. Прилуки;м.Прилуки (УПСЗН Прилуцької міської ради);subsidi;s685; ; ;NULL;NULL;7400000000
1066;14;Деснянський район, м.Чернігів;Деснянський район, м.Чернігів;subsidi;s686; ; ;NULL;NULL;7400000000
1067;14;Новозаводський район, м.Чернігів;Новозаводський район, м.Чернігів;subsidi;s687; ; ;NULL;NULL;7400000000
1068;14;Голосіївський район, м.Київ;Голосіївський район, м.Київ;subsidi;s688; ; ;NULL;NULL;8000000000
1069;14;Дарницький район, м.Київ;Дарницький район, м.Київ;subsidi;s689; ; ;NULL;NULL;8000000000
1070;14;Деснянський район, м.Київ;Деснянський район, м.Київ;subsidi;s690; ; ;NULL;NULL;8000000000
1071;14;Дніпровський район, м.Київ;Дніпровський район, м.Київ;subsidi;s691; ; ;NULL;NULL;8000000000
1072;14;Оболонський район, м.Київ;Оболонський район, м.Київ;subsidi;s692; ; ;NULL;NULL;8000000000
1073;14;Печерський район, м.Київ;Печерський район, м.Київ;subsidi;s693; ; ;NULL;NULL;8000000000
1074;14;Подільський район, м.Київ;Подільський район, м.Київ;subsidi;s694; ; ;NULL;NULL;8000000000
1075;14;Святошинський район, м.Київ;Святошинський район, м.Київ;subsidi;s695; ; ;NULL;NULL;8000000000
1076;14;Солом’янський район, м.Київ;Солом’янський район, м.Київ;subsidi;s696; ; ;NULL;NULL;8000000000
1077;14;Шевченківський район, м.Київ;Шевченківський район, м.Київ;subsidi;s697; ; ;NULL;NULL;8000000000
1078;13;м.Луцьк, вул.Винниченка, 11;м.Луцьк, вул.Винниченка, 11;700000000_1;700000000_1; ; ;NULL;NULL;700000000
1079;13;м.Житомир, вул.Черхняховського, 20 ;м. Житомир, вул.Черхняховського, 20 ;1800000000_1;1800000000_1; ; ;NULL;NULL;1800000000
1080;13;м.Запоріжжя, вул. Гагаріна, 2а ;м.Запоріжжя, вул. Гагаріна, 2а ;2300000000_1;2300000000_1; ; ;NULL;NULL;2300000000
1081;13;м.Івано-Франківськ, вул.Коновальця, 46;м.Івано-Франківськ, вул.Коновальця, 46;2600000000_1;2600000000_1; ; ;NULL;NULL;2600000000
1082;13;м.Кіровоград, вул.Гоголя, 86 а;м.Кіровоград, вул.Гоголя, 86 а;3500000000_1;3500000000_1; ; ;NULL;NULL;3500000000
1083;13;м. Сєвєродонецьк, вул.Партизанська, 12;м. Сєвєродонецьк, вул.Партизанська, 12;4400000000_1;4400000000_1; ; ;NULL;NULL;4400000000
1084;13;м.Миколаїв, вул.Декабристів, 4/1 ;м.Миколаїв, вул.Декабристів, 4/1 ;4800000000_1;4800000000_1; ; ;NULL;NULL;4800000000
1085;13;м.Одеса, вул.Жуковського, 38 ;м.Одеса, вул.Жуковського, 38 ;5100000000_1;5100000000_1; ; ;NULL;NULL;5100000000
1086;13;м.Полтава, вул.Червоноармійська, б.3, к.206. ;м. Полтава, вул.Червоноармійська, б.3, к.206. ;5300000000_1;5300000000_1; ; ;NULL;NULL;5300000000
1087;13;м.Рівне, вул.Кавказька, 2, к.7;м.Рівне, вул.Кавказька, 2, к.7;5600000000_1;5600000000_1; ; ;NULL;NULL;5600000000
1088;13;м.Суми, вул. Герасима Кондратьєва, 25;м.Суми, вул. Герасима Кондратьєва, 25;5900000000_1;5900000000_1; ; ;NULL;NULL;5900000000
1089;13;м.Тернопіль, вул. Руська, 21;м. Тернопіль, вул.Руська, 21;6100000000_1;6100000000_1; ; ;NULL;NULL;6100000000
1090;13;м.Харків, вул.Мироносицька, 4 ;м.Харків, вул.Мироносицька, 4 ;6300000000_1;6300000000_1; ; ;NULL;NULL;6300000000
1091;13;м.Херсон, вул. Кірова, 4;м.Херсон, вул. Кірова, 4;6500000000_1;6500000000_1; ; ;NULL;NULL;6500000000
1092;13;м.Хмельницький, вул. Зарічанська, 7;м.Хмельницький, вул. Зарічанська, 7;6800000000_1;6800000000_1; ; ;NULL;NULL;6800000000
1093;13;м.Черкаси, вул. Пастерівська, 104;м.Черкаси, вул. Пастерівська, 104;7100000000_1;7100000000_1; ; ;NULL;NULL;7100000000
1094;13;м.Чернівці, вул. П.Целана, 6;м.Чернівці, вул. П.Целана, 6;7300000000_1;7300000000_1; ; ;NULL;NULL;7300000000
1095;13;м.Чернігів, вул. Шевченка, 13;м.Чернігів, вул. Шевченка, 13;7400000000_1;7400000000_1; ; ;NULL;NULL;7400000000
1096;232;ЦНАП Царичанської РДА;ЦОАУ Царичанского райсовета;120666;carich; ; ;NULL;NULL;1200000000
1097;232;ЦНАП Вільногірської міськради;ЦОАУ Вольногорского горсовета;120666;vilnogirskT; ; ;NULL;NULL;1200000000
1098;13;м.Житомир, пров.Львівський , 4  ;м.Житомир, пров.Львівський , 4  ;1800000000_2;1800000000_2; ; ;NULL;NULL;1800000000
1099;13;м.Новоград-Волинський, вул. Шевченка, 15 ;м.Новоград-Волинський, вул. Шевченка, 15 ;1800000000_3;1800000000_3; ; ;NULL;NULL;1800000000
1100;13;м.Бердичів, вул. Героїв України, 67;м.Бердичів, вул.Героїв України, 67;1800000000_4;1800000000_4; ; ;NULL;NULL;1800000000
1101;13;м.Запоріжжя, вул.Перемоги, 131 в ;вул.Перемоги, 131 в ;2300000000_2;2300000000_2; ; ;NULL;NULL;2300000000
1102;13;м.Бердянськ, вул.Свободи, 52 а;м.Бердянськ, вул.Свободи, 52 а;2300000000_3;2300000000_3; ; ;NULL;NULL;2300000000
1103;13;м.Токмак, вул.Карла Лібкнехта, 101/2;м.Токмак, вул.Карла Лібкнехта, 101/2;2300000000_4;2300000000_4; ; ;NULL;NULL;2300000000
1104;13;м.Миколаїв, вул.Лагерне поле, 5;м.Миколаїв, вул.Лагерне поле, 5;4800000000_2;4800000000_2; ; ;NULL;NULL;4800000000
1105;13;м.Одеса, вул.Гайдара,34.;м.Одеса, вул.Гайдара,34.;5100000000_2;5100000000_2; ; ;NULL;NULL;5100000000
1106;13;м.Кременчук, вул.Шевченка, 17/8, к.7.;м.Кременчук, вул.Шевченка, 17/8, к.7.;5300000000_2;5300000000_2; ; ;NULL;NULL;5300000000
1107;13;м.Харків, вул.Раднаркомівська, 13 ;м.Харків, вул.Раднаркомівська, 13 ;6300000000_2;6300000000_2; ; ;NULL;NULL;6300000000
1108;13;м.Лозова, вул.Володарського, 15 ;м.Лозова, вул.Володарського, 15 ;6300000000_3;6300000000_3; ; ;NULL;NULL;6300000000
1109;13;м.Красноград, вул.Полтавська, 85;м.Красноград, вул.Полтавська, 85;6300000000_4;6300000000_4; ; ;NULL;NULL;6300000000
1110;13;м.Кривий Ріг, вул.Жовтнева, 12-в ;м.Кривий Ріг, вул.Жовтнева, 12-в ;1200000000_1;1200000000_1; ; ;NULL;NULL;1200000000
1111;13;м.Кривий Ріг, вул.Леоніда Бородича, 17/14 ;м.Кривий Ріг, вул.Леоніда Бородича, 17/14 ;1200000000_2;1200000000_2; ; ;NULL;NULL;1200000000
1112;13;м.Дніпродзержинськ, вул.Аношкіна, 7/42 ;м.Дніпродзержинськ, вул.Аношкіна, 7/42 ;1200000000_3;1200000000_3; ; ;NULL;NULL;1200000000
1113;13;м.Нікополь, вул.Никитинаская, 5 ;м.Нікополь, вул.Никитинаская, 5 ;1200000000_4;1200000000_4; ; ;NULL;NULL;1200000000
1114;13;м.Дніпропетровськ, вул.Ворошилова, 21-а ;м.Дніпропетровськ, вул.Ворошилова, 21-а ;1200000000_5;1200000000_5; ; ;NULL;NULL;1200000000
1115;13;м.Дніпропетровськ, вул.Леніна, 15-б;м.Дніпропетровськ, вул.Леніна, 15-б;1200000000_6;1200000000_6; ; ;NULL;NULL;1200000000
1116;225;ЦНАП Марганецької міськради;ЦОАУ Марганецкого горсовета;120666;marganT; ; ;NULL;NULL;1200000000
1117;231;ЦНАП Марганецької міськради;ЦОАУ Марганецкого горсовета;120666;marganT; ; ;NULL;NULL;1200000000
1118;211;ЦНАП Марганецької міськради;ЦОАУ Марганецкого горсовета;120666;marganT; ; ;NULL;NULL;1200000000
1119;232;ЦНАП Марганецької міськради;ЦОАУ Марганецкого горсовета;120666;marganT; ; ;NULL;NULL;1200000000
1120;213;ЦНАП Вільногірської міськради;ЦОАУ Вольногорского горсовета;vilnogirskT;vilnogirskT; ; ;NULL;NULL;1200000000
1121;213;ЦНАП Дніпродзержинської міськради;ЦОАУ Днепродзержинского горсовета;dndzT;dndzT; ; ;NULL;NULL;1200000000
1122;213;ЦНАП Теплицької РДА;ЦОАУ Теплицкой РГА;teplic;vin_teplic; ; ;NULL;NULL;500000000
1123;244;ЦНАП Лівобережний (м.Дніпропетровськ, пр. ім.газ. "Правда", 42);ЦОАУ Левобережный;120666;lev; ; ;NULL;NULL;1200000000
1124;244;ЦНАП Правобережний (м.Дніпропетровськ, пр. К. Маркса, 75);ЦОАУ Правобережный;120666;prav; ; ;NULL;NULL;1200000000
1125;244;ЦНАП Дніпродзержинської міськради;ЦОАУ Днепродзержинского горсовета;dndzT;dndzT; ; ;NULL;NULL;1200000000
1126;211;ЦНАП Теплицької РДА;ЦОАУ Теплицкой РГА;teplic;vin_teplic; ; ;NULL;NULL;500000000
1127;220;ЦНАП Лівобережний (м.Дніпропетровськ, пр. ім.газ. "Правда", 42);ЦОАУ Левобережный;120666;lev; ; ;NULL;NULL;1200000000
1128;220;ЦНАП Правобережний (м.Дніпропетровськ, пр. К. Маркса, 75);ЦОАУ Правобережный;120666;prav; ; ;NULL;NULL;1200000000
1129;220;ЦНАП Дніпродзержинської міськради;ЦОАУ Днепродзержинского горсовета;dndzT;dndzT; ; ;NULL;NULL;1200000000
1130;220;ЦНАП Теплицької РДА;ЦОАУ Теплицкой РГА;teplic;vin_teplic; ; ;NULL;NULL;500000000
1131;220;ЦНАП Вільногірської міськради;ЦОАУ Вольногорского горсовета;vilnogirskT;vilnogirskT; ; ;NULL;NULL;1200000000
1132;220;ЦНАП Царичанської РДА;ЦОАУ Царичанского райсовета;120666;carich; ; ;NULL;NULL;1200000000
1133;55;ЦНАП Вільногірської міськради;ЦОАУ Вольногорского горсовета;vilnogirskT;vilnogirskT; ; ;NULL;NULL;1200000000
1134;55;ЦНАП Дніпродзержинської міськради;ЦОАУ Днепродзержинского горсовета;dndzT;dndzT; ; ;NULL;NULL;1200000000
1135;55;ЦНАП Теплицької РДА;ЦОАУ Теплицкой РГА;teplic;vin_teplic; ; ;NULL;NULL;500000000
1136;55;ЦНАП Лівобережний (м.Дніпропетровськ, пр. ім.газ. "Правда", 42);ЦОАУ Левобережный;120666;lev; ; ;NULL;NULL;1200000000
1137;55;ЦНАП Правобережний (м.Дніпропетровськ, пр. К. Маркса, 75);ЦОАУ Правобережный;120666;prav; ; ;NULL;NULL;1200000000
1138;248;ЦНАП Лівобережний (м.Дніпропетровськ, пр. ім.газ. "Правда", 42);ЦОАУ Левобережный;120666;lev; ; ;NULL;NULL;1200000000
1139;248;ЦНАП Правобережний (м.Дніпропетровськ, пр. К. Маркса, 75);ЦОАУ Правобережный;120666;prav; ; ;NULL;NULL;1200000000
1140;248;ЦНАП Дніпродзержинської міськради;ЦОАУ Днепродзержинского горсовета;dndzT;dndzT; ; ;NULL;NULL;1200000000
1141;243;ЦНАП Лівобережний (м.Дніпропетровськ, пр. ім.газ. "Правда", 42);ЦОАУ Левобережный;120666;lev; ; ;NULL;NULL;1200000000
1142;243;ЦНАП Правобережний (м.Дніпропетровськ, пр. К. Маркса, 75);ЦОАУ Правобережный;120666;prav; ; ;NULL;NULL;1200000000
1143;243;ЦНАП Дніпродзержинської міськради;ЦОАУ Днепродзержинского горсовета;dndzT;dndzT; ; ;NULL;NULL;1200000000
1144;211;ЦНАП Дніпродзержинської міськради;ЦОАУ Днепродзержинского горсовета;120666;dndzT; ; ;NULL;NULL;1200000000
1145;211;ЦНАП м. Буча;ЦОАУ г. Буча;120666;kiev_bucha; ; ;NULL;NULL;3200000000
1146;232;ЦНАП Дніпродзержинської міськради;ЦОАУ Днепродзержинского горсовета;dndzT;dndzT; ; ;NULL;NULL;1200000000
1147;232;ЦНАП м. Буча;ЦОАУ г. Буча;120666;kiev_bucha; ; ;NULL;NULL;3200000000
1148;232;ЦНАП Теплицької РДА;ЦОАУ Теплицкой РГА;teplic;vin_teplic; ; ;NULL;NULL;500000000
1149;231;ЦНАП Дніпродзержинської міськради;ЦОАУ Днепродзержинского горсовета;dndzT;dndzT; ; ;NULL;NULL;1200000000
1150;231;ЦНАП м. Буча;ЦОАУ г. Буча;120666;kiev_bucha; ; ;NULL;NULL;3200000000
1151;231;ЦНАП Теплицької РДА;ЦОАУ Теплицкой РГА;teplic;vin_teplic; ; ;NULL;NULL;500000000