sID;Address;WorkTime
1;м.Дніпропетровськ, вул. Поля, 1, (2-й поверх, віконце 1, 2 чи 3); Понеділок, Вівторок, Четвер, П’ятниця з 9:00 до 12:45 та з 14:00 до 16:30<br />(перерва з  13:00 до 14:00)<br /> Середа, Субота та Неділя - вихідні <br />
2;м.Дніпропетровськ, пр. Ілліча, 3, каб. № 5; Понеділок, Вівторок, Четвер, П’ятниця з 9:00 до 12:45 та з 14:00 до 16:30<br />(перерва з  13:00 до 14:00)<br /> Середа, Субота та Неділя - вихідні <br />
3;м.Дніпропетровськ, вул. Аверіна, 57, каб. № 8; Понеділок, Вівторок, Четвер, П’ятниця з 9:00 до 12:45 та з 14:00 до 16:30<br />(перерва з  13:00 до 14:00)<br /> Середа, Субота та Неділя - вихідні <br />
4;м.Дніпропетровськ, вул. Красна площа, 2-А; Понеділок, Вівторок, Четвер, П’ятниця з 9:00 до 12:45 та з 14:00 до 16:30<br />(перерва з  13:00 до 14:00)<br /> Середа, Субота та Неділя - вихідні <br />
5;м.Кривий Ріг, вул. Жовтнева, 12-В, каб. 1, 2, 3; Понеділок, Вівторок, Четвер, П’ятниця з 9:00 до 12:45 та з 14:00 до 16:30<br />(перерва з  13:00 до 14:00)<br /> Середа, Субота та Неділя - вихідні <br />
6;м.Дніпродзержинськ, вул. Комунарна, 10-А, каб. № 2; Понеділок, Вівторок, Четвер, П’ятниця з 9:00 до 12:45 та з 14:00 до 16:30<br />(перерва з  13:00 до 14:00)<br /> Середа, Субота та Неділя - вихідні <br />
7;м.Нікополь, вул. Микитинська, 5,  каб. № 9; Понеділок, Вівторок, Четвер, П’ятниця з 9:00 до 12:45 та з 14:00 до 16:30<br />(перерва з  13:00 до 14:00)<br /> Середа, Субота та Неділя - вихідні <br />
8;м.Павлоград, вул. Повстання, 77-А, каб. № 4; Понеділок, Вівторок, Четвер, П’ятниця з 9:00 до 12:45 та з 14:00 до 16:30<br />(перерва з  13:00 до 14:00)<br /> Середа, Субота та Неділя - вихідні <br />
9;м.Дніпропетровськ, вул. Кожем’яки, 17; Понеділок, Вівторок, Четвер, П’ятниця з 9:00 до 12:45 та з 14:00 до 16:30<br />(перерва з  13:00 до 14:00)<br /> Середа, Субота та Неділя - вихідні <br />
