sID_UA(1);sName(2);sSignature(3);sEmployeeGroup(4);sEmployeeMail(5);phone(6)
6100000000;Тернопільська ОДА;Тернопільська ОДА <br>;ternopil;dpi@te.gov.ua;(0352) 52-26-97
4800000000;Миколаївська ОДА;Миколаївська ОДА <br>;myk;murahovskaya@gmail.com;телефон
7400000000;Чернігівська ОДА;Чернігівська ОДА<br>;chern;svyrydenko.yulia@gmail.com,vvsparrow@gmail.com,podorvan@ukr.net; (0462) 66-93-81
6124800000;Підгаєцька РДА;Підгаєцька РДА<br>;pidgR;pub_info@ko.te.ua;телефон
6500000000;Херсонська ОДА;Херсонська ОДА<br>;khers;;телефон
2600000000;Івано-Франківська ОДА;Івано-Франківська ОДА<br>;if;;(0342) 55-20-07
6800000000;Хмельницька ОДА;Хмельницька ОДА<br>;khmel;;(0382) 76–50–24
1800000000;Житомирська ОДА;Житомирська ОДА<br>;zhytomyr;zvern_ztoda@ukrpost.ua;(0412) 47-51-49