nID;sName;nID_ServiceData;nID_SubjectOrganDepartment;sID_BP;nCountAutoGenerate;sGroup
1;Test;1;1;_test_dnepr_mvd-1_auto;NULL;
2;МРЕО,Киев,Петропавлівська Борщагівка, вул.Кільцева 4;311;2;common_mreo_1;NULL;
3;МРЕО,м.Дніпропетровськ узвіз Тольятті, 2;123;10;common_mreo_1;NULL;
4;МРЕО,м. Дніпро вул. Маліновського, 130;123;13;common_mreo_1;NULL;
5;МРЕО,Киев,вул. Туполєва, 19;311;3;common_mreo_1;NULL;
6;МРЕО,Киев,вул. Велика кільцева дорога. 22-А;311;4;common_mreo_1;NULL;
7;МРЕО,Киев,вул. Братиславська, 52;311;5;common_mreo_1;NULL;
8;МРЕО,Киев,вул. Столичне шосе, 104;311;6;common_mreo_1;NULL;
9;МРЕО,Киев,вул. Павла Усенка, 8;311;7;common_mreo_1;NULL;
10;МРЕО,Киев,вул. Новокостянтинівська, 8;311;8;common_mreo_1;NULL;
11;МРЕО,Киев,пров. Балтійський, 20;311;9;common_mreo_1;NULL;
12;_test_queue_cancel;358;1;_test_queue_cancel;NULL;
13;АПИ ДМС, Днепр, областной, Загран;627;11;dms_0177_zagranChild_iGov;NULL;
14;ДМС, Днепр, Городской, Загран;627;18;dms_0177_zagranChild_iGov_auto;14;DMS
15;ДМС, Днепр, АНД, Загран;627;23;dms_0177_zagranChild_iGov_auto;14;DMS
16;АПИ ДМС, Днепр, Шевченковский, Загран;627;13;dms_0177_zagranChild_iGov;NULL;
17;ДМС, Днепр, Соборный, Загран;627;14;dms_0177_zagranChild_iGov_auto;14;DMS
18;ДМС, Днепр, Индустриальный, Загран;627;24;dms_0177_zagranChild_iGov_auto;14;DMS
19;ДМС, Днепр, Центральный, Загран;627;25;dms_0177_zagranChild_iGov_auto;14;DMS
20;ДМС, Днепр, Чечеловский, Загран;627;26;dms_0177_zagranChild_iGov_auto;14;DMS
21;АПИ ДМС, Днепр, Новокодацкий, Загран;627;27;dms_0177_zagranChild_iGov;NULL;testGroup
22;ДМС, Днепр, Самарский, Загран;627;28;dms_0177_zagranChild_iGov_auto;14;DMS
23;ДМС, Каменское, Загран;627;20;dms_0177_zagranChild_iGov_auto;14;DMS
24;ДМС, Кривой Рог Дзержинский, Загран;627;57;dms_0177_zagranChild_iGov_auto;14;DMS
25;ДМС, Кривой Рог Долгинцевский, Загран;627;58;dms_0177_zagranChild_iGov_auto;14;DMS
26;ДМС, Кривой Рог Жовтневий, Загран;627;59;dms_0177_zagranChild_iGov_auto;14;DMS
27;ДМС, Кривой Рог Ингулецкий, Загран;627;16;dms_0177_zagranChild_iGov_auto;14;DMS
28;ДМС, Кривой Рог Саксаганский, Загран;627;60;dms_0177_zagranChild_iGov_auto;14;DMS
29;ДМС, Кривой Рог, Центрально-Городской, Загран;627;19;dms_0177_zagranChild_iGov_auto;14;DMS
30;ДМС, Никополь, Загран;627;21;dms_0177_zagranChild_iGov_auto;14;DMS
31;ДМС, Новомосковськ, Загран;627;52;dms_0177_zagranChild_iGov_auto;14;DMS
32;ДМС, Павлоград, Загран;627;22;dms_0177_zagranChild_iGov_auto;14;DMS
33;ДМС, Першотравенськ, Загран;627;53;dms_0177_zagranChild_iGov_auto;14;DMS
34;ДМС, Апостолове, Загран;627;51;dms_0177_zagranChild_iGov_auto;14;DMS
35;ДМС, смт. Ювілейне, Загран;627;50;dms_0177_zagranChild_iGov_auto;14;DMS
36;ДМС, смт. Царичанка, Загран;627;56;dms_0177_zagranChild_iGov_auto;14;DMS
37;ДМС, смт. Широке, Загран;627;55;dms_0177_zagranChild_iGov_auto;14;DMS
38;ДМС, Днепр, АНД, ID-карти;467;23;dms_0173_IDChangeFIO_iGov_auto;14;DMS
39;АПИ ДМС, Днепр, Шевченковский, ID-карти;467;13;dms_0173_IDChangeFIO_iGov;NULL;
40;ДМС, Днепр, Соборный, ID-карти;467;14;dms_0173_IDChangeFIO_iGov_auto;14;DMS
41;ДМС, Днепр, Индустриальный, ID-карти;467;24;dms_0173_IDChangeFIO_iGov_auto;14;DMS
42;ДМС, Днепр, Центральный, ID-карти;467;25;dms_0173_IDChangeFIO_iGov_auto;14;DMS
43;АПИ ДМС, Днепр, Новокодацкий, ID-карти;467;27;dms_0173_IDChangeFIO_iGov;NULL;
44;ДМС, Днепр, Самарский, ID-карти;467;28;dms_0173_IDChangeFIO_iGov_auto;14;DMS
45;ЦНАП, Вольногорск;506;32;dnepr_dms-89_auto;40;REGISTRATION_DAY6
46;ДМС, Каменское, Заводской ID-карти;635;20;dms_0173_IDChangeFIO_iGov_auto;14;DMS
47;ДМС, Кривой Рог Дзержинский, ID-карти;186;57;dms_0028_ID14_iGov_auto;14;DMS
48;ДМС, Кривой Рог Долгинцевский, ID-карти;186;58;dms_0028_ID14_iGov_auto;14;DMS
49;ДМС, Кривой Рог Жовтневий, ID-карти;186;59;dms_0028_ID14_iGov_auto;14;DMS
50;ДМС, Кривой Рог Ингулецкий, ID-карти;186;16;dms_0028_ID14_iGov_auto;14;DMS
51;ДМС, Кривой Рог Саксаганский, ID-карти;186;60;dms_0028_ID14_iGov_auto;14;DMS
52;ДМС, Кривой Рог, Центрально-Городской, ID-карти;186;19;dms_0028_ID14_iGov_auto;14;DMS
53;ДМС, Никополь, ID-карти;1630;21;dms_0173_IDChangeFIO_iGov_auto;14;DMS
54;ДМС, Новомосковськ, ID-карти;921;52;dms_0173_IDChangeFIO_iGov_auto;14;DMS
55;ДМС, Павлоград, ID-карти;1636;22;dms_0173_IDChangeFIO_iGov_auto;14;DMS
56;ДМС, Першотравенськ, ID-карти;83;53;dnepr_dms_227ID_auto;14;DMS
57;ДМС, Апостолове, ID-карти;1657;51;dms_0173_IDChangeFIO_iGov_auto;14;DMS
58;ДМС, смт. Ювілейне, ID-карти;1675;50;dms_0173_IDChangeFIO_iGov_auto;14;DMS
59;ДМС, смт. Солоне, ID-карти;1737;54;dms_0173_IDChangeFIO_iGov;NULL;DMS
60;ДМС, смт. Царичанка, ID-карти;1755;56;dms_0173_IDChangeFIO_iGov_auto;14;DMS
61;ДМС, смт. Широке, ID-карти;1761;55;dms_0173_IDChangeFIO_iGov_auto;14;DMS
62;ЦНАП, Первомайский Харьков;161;41;dnepr_dms-89_auto;40;REGISTRATION_DAY6
63;ЦНАП, м. Ромни;951;47;dnepr_dms-89;NULL;
64;Пока стопЦНАП, Чортківської РДА;941;48;dnepr_dms-89;NULL;
65;ЦНАП, м. Жовті Води;968;49;dnepr_dms-89_auto;40;REGISTRATION_DAY6
66;ЦНАП м. Нетішин;1254;69;rada_0740_SkladSimyi;NULL;
67;Первомайский Ник область,регистрация;737;154;dnepr_dms-89_auto;40;REGISTRATION_DAY5
68;Голая Пристань,регистрация;733;155;dnepr_dms-89_auto;40;REGISTRATION_DAY5
69;ДМС, Днепр, Чечеловский, ID-карти;467;26;dms_0173_IDChangeFIO_iGov_auto;14;DMS
70;ЦНАП м.Дрогобич;190;268;dms_0178_2545;NULL;
71;ЦНАП, Новопсковская РДА;177;46;dms_0178_2545;NULL;
72;ДМС, Житомир, вул. Пушкінська, 44;63;61;dms_0176_Zagran_iGov;NULL;
73;Регистрация Херсон;788;15;dnepr_dms-89;40;
74;ДМС Косив;793;17;dnepr_dms_227;NULL;
75;ДМС Миргород, Загран;927;42;dms_0176_Zagran_iGov;NULL;
76;ДМС Миргород, ID-карти;930;42;dms_0028_ID14_iGov;NULL;
77;МВК, Новопсков, вул. Гагарина, 63;1253;63;Lug_novopskov_458;NULL;
78;МВК, м. Жовті Води, бульв. Свободи, 33;1252;64;rada_0740_SkladSimyi;NULL;
79;АПІ ДМС, Тернопіль, вул.Є.Коновальця,6, Загран;1179;65;dms_0176_Zagran_iGov;NULL;
80;ЦНАП м. Чугуєва;1210;66;dnepr_dms-89_auto;40;REGISTRATION_DAY5
81;ЦНАП м. Лозова;1220;67;dnepr_dms-89_auto;40;REGISTRATION_DAY6
82;ДМС, смт. Солоне, Загран;627;54;dms_0177_zagranChild_iGov;NULL;DMS
83;Пока стопЦНАП м. Кривий Ріг;1618;70;dms_0173_changeFIONoID;NULL;
84;Пока стопЦНАП м. Марганець;1624;71;dms_0173_changeFIONoID;NULL;
85;ЦНАП м. Нікополь;1800;72;dnepr_dms-89_auto;40;REGISTRATION_DAY5
86;ЦНАП м. Павлоград;1804;73;dnepr_dms-89_auto;40;REGISTRATION_DAY5
87;ЦНАП м. Синельникове;1816;74;dnepr_dms-89_auto;40;REGISTRATION_DAY6
88;ЦНАП м. Тернівка;1808;75;dnepr_dms-89_auto;40;REGISTRATION_DAY6
89;Свободный поток;1657;1;dms_0173_changeFIONoID;NULL;
90;ЦНАП Васильківський район;1663;77;dms_0173_changeFIONoID;NULL;
91;ЦНАП Верхньодніпровський район;1669;78;dms_0173_changeFIONoID;NULL;
92;Свободный поток;1675;1;dms_0173_changeFIONoID1;NULL;
93;ЦНАП Криворізький район;1680;80;dms_0173_changeFIONoID;NULL;
94;ЦНАП Криничанський район;1686;81;dms_0173_changeFIONoID;NULL;
95;ЦНАП Магдалінівський район;1692;82;dms_0173_changeFIONoID;NULL;
96;ЦНАП Межівський район;1698;83;dms_0173_changeFIONoID;NULL;
97;Свободный поток;1704;84;dms_0173_changeFIONoID;NULL;
98;Свободный поток;1710;85;dms_0173_changeFIONoID;NULL;
99;ЦНАП Петриківський район;1716;86;dms_0173_changeFIONoID;NULL;
100;ЦНАП Петропавлівський район;1722;87;dms_0173_changeFIONoID;NULL;
101;ЦНАП Покровський район;1728;88;dms_0173_changeFIONoID;NULL;
102;Пока стопЦНАП Синельниковський район;1734;89;dms_0173_changeFIONoID;NULL;
103;Свободный поток;1737;1;dms_0173_changeFIONoID2;NULL;
104;ЦНАП Софіївський район;1743;91;dms_0173_changeFIONoID;NULL;
105;ЦНАП Томаківський район;1749;92;dms_0173_changeFIONoID;NULL;
106;ЦНАП Царичанський район;1824;93;dnepr_dms-89_auto;40;REGISTRATION_DAY6
107;Свободный поток;1761;1;dms_0173_changeFIONoID3;NULL;
108;ЦНАП Юр'ївський район;1767;95;dms_0173_changeFIONoID;NULL;
109;ЦНАП м. Орджонікідзе;1812;96;dnepr_dms-89_auto;40;REGISTRATION_DAY6
110;Амур-Нижньодніпровський відділ ДВС м. Дніпропетровськ;1567;97;dvs_619;NULL;
111;Бабушкінський відділ ДВС м. Дніпропетровськ;1567;98;dvs_619;NULL;
112;Жовтневий відділ ДВС м. Дніпропетровськ;1567;99;dvs_619;NULL;
113;Індустріальний відділ ДВС м. Дніпропетровськ;1567;100;dvs_619;NULL;
114;Кіровський відділ ДВС м. Дніпропетровськ;1567;101;dvs_619;NULL;
115;Красногвардійський відділ ДВС м. Дніпропетровськ;1567;102;dvs_619;NULL;
116;Ленінський відділ ДВС м. Дніпропетровськ;1567;103;dvs_619;NULL;
117;Самарський відділ ДВС м. Дніпропетровськ;1567;104;dvs_619;NULL;
118;Баглійський відділ ДВС м.Дніпродзержинськ;1567;105;dvs_619;NULL;
119;Дніпровський відділ ДВС м.Дніпродзержинськ;1567;106;dvs_619;NULL;
120;Заводський відділ ДВС м.Дніпродзержинськ;1567;107;dvs_619;NULL;
121;Дзержинський відділ ДВС м.Кривий Ріг;1567;108;dvs_619;NULL;
122;Довгинцівський відділ ДВС м.Кривий Ріг;1567;109;dvs_619;NULL;
123;Жовтневий відділ ДВС м.Кривий Ріг;1567;110;dvs_619;NULL;
124;Інгулецький відділ ДВС м.Кривий Ріг;1567;111;dvs_619;NULL;
125;Саксаганський відділ ДВС м.Кривий Ріг;1567;112;dvs_619;NULL;
126;Тернівський відділ ДВС м.Кривий Ріг;1567;113;dvs_619;NULL;
127;Центрально-Міський відділ ДВС м.Кривий Ріг;1567;114;dvs_619;NULL;
128;Апостолівський районний відділ ДВС;1567;115;dvs_619;NULL;
129;Васильківський районний відділ ДВС;1567;116;dvs_619;NULL;
130;Верхньодніпровський районний відділ ДВС;1567;117;dvs_619;NULL;
131;Вільногірський міський відділ ДВС;1567;118;dvs_619;NULL;
132;Дніпропетровський районний відділ ДВС;1567;119;dvs_619;NULL;
133;Жовтоводський міський відділ ДВС;1567;120;dvs_619;NULL;
134;Криворізький районний відділ ДВС;1567;121;dvs_619;NULL;
135;Криничанський районний відділ ДВС;1567;122;dvs_619;NULL;
136;Магдалинівський районний відділ ДВС;1567;123;dvs_619;NULL;
137;Марганецький міський відділ ДВС;1567;124;dvs_619;NULL;
138;Межівський районний відділ ДВС;1567;125;dvs_619;NULL;
139;Нікопольський міськрайонний відділ ДВС;1567;126;dvs_619;NULL;
140;Новомосковський міськрайонний відділ ДВС;1567;127;dvs_619;NULL;
141;Орджонікідзевський міський відділ ДВС;1567;128;dvs_619;NULL;
142;Павлоградський міськрайонний відділ ДВС;1567;129;dvs_619;NULL;
143;Першотравенський міський відділ ДВС;1567;130;dvs_619;NULL;
144;Петриківський районний відділ ДВС;1567;131;dvs_619;NULL;
145;Петропавлівський районний відділ ДВС;1567;132;dvs_619;NULL;
146;Покровський районний відділ ДВС;1567;133;dvs_619;NULL;
147;П’ятихатський районний відділ ДВС;1567;134;dvs_619;NULL;
148;Синельниковський міськрайонний відділ ДВС;1567;135;dvs_619;NULL;
149;Солонянський районний відділ ДВС;1567;136;dvs_619;NULL;
150;Софіївський районний відділ ДВС;1567;137;dvs_619;NULL;
151;Тернівський міський відділ ДВС;1567;138;dvs_619;NULL;
152;Томаківський районний відділ ДВС;1567;139;dvs_619;NULL;
153;Царичанський районний відділ ДВС;1567;140;dvs_619;NULL;
154;Широківський районний відділ ДВС;1567;141;dvs_619;NULL;
155;Юр’ївський районний відділ ДВС;1567;142;dvs_619;NULL;
156;Відділ примусового виконання рішень Управління ДВС;1567;143;dvs_619;NULL;
157;Свободный поток;1788;1;dms_0175_damageNoID4;NULL;
158;АПІ ДМС, м. Кременець, вул. Драгоманова,9, Загран;1179;144;dms_0176_Zagran_iGov;NULL;
159;Давидівська сільська рада;2042;145;scadovsk_mvk-302;NULL;
160;Черкаське обласне управління лісового та мисливського господарства;1118;146;cherkasy_lmg_415;NULL;
161;АПІ ДМС, м. Кременець, вул.Драгоманова,9, ID-карти;2070;144;dms_0175_damageNoID;NULL;
162;РАГС, Херсонська область, м. Каховка, вул.Велика Куликовська,103;242;147;kherson_racs_758;NULL;
163;Дніпропетровське обласне управління Лісового та мисливського господарства;2275;148;cherkasy_lmg_415;NULL;
164;Днепр, регистрация, АНД_Индустриальный;125;149;dnepr_dms-89_auto;40;REGISTRATION_DAY5
165;Днепр, регистрация, Чечел_Шевч;125;150;dnepr_dms-89_auto;40;REGISTRATION_DAY5
166;Днепр, регистрация, Центр_Собор;125;151;dnepr_dms-89_auto;40;REGISTRATION_DAY5
167;Днепр, регистрация, Новокодацкий;125;152;dnepr_dms-89_auto;40;REGISTRATION_DAY5
168;Днепр, регистрация, Самарский;125;153;dnepr_dms-89_auto;40;REGISTRATION_DAY5
169;МРЕО м.Львів, вул. Данила Апостола, 11 (водійське посвідчення);2123;156;common_mreo_3;NULL;
170;МРЕО м Самбір, вул Східна 216 (водійське посвідчення);2123;157;common_mreo_3;NULL;
171;Каховка, регистрация;2506;158;dnepr_dms-89_auto;40;REGISTRATION_DAY5
172;АПІ ДМС, Тернопільський район, вул.Степова,45, Загран;1179;159;dms_0176_Zagran_iGov;NULL;
173;АПІ ДМС, м. Чортків, вул. Горбачевського,5, Загран;1179;160;dms_0176_Zagran_iGov;NULL;
174;Кременець, реєстрація;2552;161;dnepr_dms-89_auto;40;REGISTRATION_DAY5
175;МРЕО м Чернігів (водійське посвідчення);2568;162;common_mreo_3;NULL;
176;АПІ ДМС, Тернопіль, вул.Є.Коновальця,6,ID-карти;1914;65;dms_0028_ID14_iGov;NULL;
177;КрРог, регистрация, Тернівський;2584;163;dnepr_dms-89_auto;40;REGISTRATION_DAY5
178;КрРог, регистрация, Покровський (Жовтневий);2584;164;dnepr_dms-89_auto;40;REGISTRATION_DAY5
179;КрРог, регистрация, Саксаганський;2584;165;dnepr_dms-89_auto;40;REGISTRATION_DAY5
180;КрРог, регистрация, Довгинцівський;2584;166;dnepr_dms-89_auto;40;REGISTRATION_DAY5
181;КрРог, регистрация, Металургійний (Дзержинський);2584;167;dnepr_dms-89_auto;40;REGISTRATION_DAY5
182;КрРог, регистрация, Центрально-Міський;2584;168;dnepr_dms-89_auto;40;REGISTRATION_DAY5
183;КрРог, регистрация, Інгулецький;2584;169;dnepr_dms-89_auto;40;REGISTRATION_DAY5
184;смт Благодатне, Нововолинської міської ради;2591;170;dnepr_dms-89_auto;40;REGISTRATION_DAY5
185;Днепр, регистрация, Таромское;125;171;dnepr_dms-89_auto;40;REGISTRATION_DAY5
186;ДМС, м.Ланівці, вул. Волинська, 7, Загран;1179;172;dms_0176_Zagran_iGov;NULL;
187;ДМС, смт.Козова, вул. Січових Стрільців, 2, Загран;1179;173;dms_0176_Zagran_iGov;NULL;
188;ДМС, м. Збараж, вул. Б. Хмельницького, 24, Загран;1179;174;dms_0176_Zagran_iGov;NULL;
189;Пока стопЦНАП Гусятиського району;2962;175;dms_0173_changeFIONoID;NULL;
190;Державіаслужба;2969;176;infrastr_845flow;NULL;
191;Острозька міська рада;2545;177;scadovsk_mvk-302;NULL;
192;Великолюбіська селищна рада;2982;178;scadovsk_mvk-302;NULL;
193;м.Дніпро відділ Управління державної реєстрації;3608;179;common_zags_1;NULL;
194;м.Дніпро Амур-Нижньодніпровський районний відділ;3608;180;common_zags_1;NULL;
195;м.Дніпро Бабушкінський районний відділ;3608;181;common_zags_1;NULL;
196;м.Дніпро Жовтневий районний відділ ;3608;182;common_zags_1;NULL;
197;м.Дніпро Індустріальний районний відділ;3608;183;common_zags_1;NULL;
198;м.Дніпро Кіровський районний відділ;3608;184;common_zags_1;NULL;
199;м.Дніпро Красногвардійський районний відділ;3608;185;common_zags_1;NULL;
200;м.Дніпро Ленінський районний відділ;3608;186;common_zags_1;NULL;
201;м.Дніпро Самарський районний відділ;3608;187;common_zags_1;NULL;
202;м.Кам’янське Баглійський районний відділ;3609;188;common_zags_1;NULL;
203;м.Кам’янське Дніпровський районний відділ;3609;189;common_zags_1;NULL;
204;м.Кам’янське Заводський районний відділ;3609;190;common_zags_1;NULL;
205;м.Кривий Ріг Дзержинський районний відділ;3610;191;common_zags_1;NULL;
206;м.Кривий Ріг Довгинцівський районний відділ;3610;192;common_zags_1;NULL;
207;м.Кривий Ріг Жовтневий районний відділ;3610;193;common_zags_1;NULL;
208;м.Кривий Ріг Інгулецький районний відділ;3610;194;common_zags_1;NULL;
209;м.Кривий Ріг Саксаганський районний відділ;3610;195;common_zags_1;NULL;
210;м.Кривий Ріг Тернівський районний відділ;3610;196;common_zags_1;NULL;
211;м.Кривий Ріг Центрально-Міський районний відділ;3610;197;common_zags_1;NULL;
212;м.Вільногірськ Вільногірський міський відділ;3611;198;common_zags_1;NULL;
213;м.Жовті Води Жовтоводський міський відділ;3612;199;common_zags_1;NULL;
214;м.Марганець Марганецький міський відділ;3613;200;common_zags_1;NULL;
215;м.Орджонікідзе Орджонікідзевський міський відділ;3614;201;common_zags_1;NULL;
216;м.Павлоград  Павлоградський міський відділ ;3615;202;common_zags_1;NULL;
217;м.Першотравенськ Першотравенський міський районний відділ;3616;203;common_zags_1;NULL;
218;м.Синельникове Синельниківський міськрайонний відділ;3617;204;common_zags_1;NULL;
219;м.Тернівка Тернівський міський відділ;3618;205;common_zags_1;NULL;
220;м.Апостолове Апостолівський районний відділ;3619;206;common_zags_1;NULL;
221;смт. Васильківка Васильківський районний відділ;3620;207;common_zags_1;NULL;
222;м.Верхньодніпровськ Верхньодніпровський районний відділ;3621;208;common_zags_1;NULL;
223;м.Дніпро Дніпропетровський районний відділ;3971;209;common_zags_1;NULL;
224;м.Кривий Ріг Криворізький районний відділ;3622;210;common_zags_1;NULL;
225;смт.Кринички Криничанський районний відділ;3623;211;common_zags_1;NULL;
226;смт.Магдалинівка Магдалинівський районний відділ;3624;212;common_zags_1;NULL;
227;смт.Межова Межівський районний відділ;3625;213;common_zags_1;NULL;
228;м.Нікополь Нікопольський міськрайонний відділ;3626;214;common_zags_1;NULL;
229;м.Новомосковськ  Новомосковський міськрайонний відділ;3627;215;common_zags_1;NULL;
230;м.Павлоград Павлоградський районний відділ;3628;216;common_zags_1;NULL;
231;смт.Петриківка Петриківський районний відділ ;3629;217;common_zags_1;NULL;
232;смт.Петропавлівка Петропавлівський районний відділ;3630;218;common_zags_1;NULL;
233;смт.Покровське Покровський районний відділ;3631;219;common_zags_1;NULL;
234;м.П’ятихатки П’ятихатський районний відділ;3632;220;common_zags_1;NULL;
235;смт.Солоне Солонянський районний відділ;3633;221;common_zags_1;NULL;
236;смт.Софіївка Софіївський районний відділ;3634;222;common_zags_1;NULL;
237;смт.Томаківка Томаківський районний відділ;3635;223;common_zags_1;NULL;
238;смт.Царичанка Царичанський районний відділ;3636;224;common_zags_1;NULL;
239;смт.Юр’ївка Юр’ївський районний відділ;3637;225;common_zags_1;NULL;
240;смт.Широке Широківський районний відділ;3945;226;common_zags_1;NULL;
241;ЦНАП Підгаєцького району;3010;227;dms_0173_changeFIONoID;NULL;
242;Обухівська (Кіровська) селищна рада;3603;228;dnepr_dms-89_auto;40;REGISTRATION_DAY5
243;ЦНАП Зборівського району;3114;229;dms_0173_changeFIONoID;NULL;
244;ЦНАП Зборівського району;3125;229;dnepr_dms-89_auto;40;REGISTRATION_DAY5
245;Нова Каховка,регистрация;3172;232;dnepr_dms-89_auto;40;REGISTRATION_DAY5
246;ЦНАП м. Бердянськ;3187;233;dnepr_dms-89_auto;40;REGISTRATION_DAY5
247;м.Дніпро відділ Управління державної реєстрації;3698;179;common_zags_death;NULL;
248;м.Дніпро Амур-Нижньодніпровський районний відділ;3698;180;common_zags_death;NULL;
249;м.Дніпро Бабушкінський районний відділ;3698;181;common_zags_death;NULL;
250;м.Дніпро Жовтневий районний відділ;3698;182;common_zags_death;NULL;
251;м.Дніпро Індустріальний районний відділ;3698;183;common_zags_death;NULL;
252;м.Дніпро Кіровський районний відділ;3698;184;common_zags_death;NULL;
253;м.Дніпро Красногвардійський районний відділ;3698;185;common_zags_death;NULL;
254;м.Дніпро Ленінський районний відділ;3698;186;common_zags_death;NULL;
255;м.Дніпро Самарський районний відділ;3698;187;common_zags_death;NULL;
256;м.Кам’янське Баглійський районний відділ;3699;188;common_zags_death;NULL;
257;м.Кам’янське Дніпровський районний відділ;3699;189;common_zags_death;NULL;
258;м.Кам’янське Заводський районний відділ;3699;190;common_zags_death;NULL;
259;м.Кривий Ріг Дзержинський районний відділ;3700;191;common_zags_death;NULL;
260;м.Кривий Ріг Довгинцівський районний відділ;3700;192;common_zags_death;NULL;
261;м.Кривий Ріг Жовтневий районний відділ;3700;193;common_zags_death;NULL;
262;м.Кривий Ріг Інгулецький районний відділ;3700;194;common_zags_death;NULL;
263;м.Кривий Ріг Саксаганський районний відділ;3700;195;common_zags_death;NULL;
264;м.Кривий Ріг Тернівський районний відділ;3700;196;common_zags_death;NULL;
265;м.Кривий Ріг Центрально-Міський районний відділ;3700;197;common_zags_death;NULL;
266;м.Вільногірськ Вільногірський міський відділ;3701;198;common_zags_death;NULL;
267;м.Жовті Води Жовтоводський міський відділ;3702;199;common_zags_death;NULL;
268;м.Марганець Марганецький міський відділ;3703;200;common_zags_death;NULL;
269;м.Орджонікідзе Орджонікідзевський міський відділ;3704;201;common_zags_death;NULL;
270;м.Павлоград  Павлоградський міський відділ ;3705;202;common_zags_death;NULL;
271;м.Першотравенськ Першотравенський міський районний відділ;3706;203;common_zags_death;NULL;
272;м.Синельникове Синельниківський міськрайонний відділ;3707;204;common_zags_death;NULL;
273;м.Тернівка Тернівський міський відділ;3708;205;common_zags_death;NULL;
274;м.Апостолове Апостолівський районний відділ;3709;206;common_zags_death;NULL;
275;смт.Васильківка Васильківський районний відділ;3710;207;common_zags_death;NULL;
276;м.Верхньодніпровськ Верхньодніпровський районний відділ;3711;208;common_zags_death;NULL;
277;м.Дніпро Дніпропетровський районний відділ;3963;209;common_zags_death;NULL;
278;м.Кривий Ріг Криворізький районний відділ;3712;210;common_zags_death;NULL;
279;смт.Кринички Криничанський районний відділ;3713;211;common_zags_death;NULL;
280;смт.Магдалинівка Магдалинівський районний відділ;3714;212;common_zags_death;NULL;
281;смт.Межова Межівський районний відділ;3715;213;common_zags_death;NULL;
282;м.Нікополь Нікопольський міськрайонний відділ;3716;214;common_zags_death;NULL;
283;м.Новомосковськ  Новомосковський міськрайонний відділ;3717;215;common_zags_death;NULL;
284;м.Павлоград Павлоградський районний відділ;3718;216;common_zags_death;NULL;
285;смт.Петриківка Петриківський районний відділ;3719;217;common_zags_death;NULL;
286;смт.Петропавлівка Петропавлівський районний відділ;3720;218;common_zags_death;NULL;
287;смт.Покровське Покровський районний відділ;3721;219;common_zags_death;NULL;
288;м.П’ятихатки П’ятихатський районний відділ;3722;220;common_zags_death;NULL;
289;смт.Солоне Солонянський районний відділ;3723;221;common_zags_death;NULL;
290;смт.Софіївка Софіївський районний відділ;3724;222;common_zags_death;NULL;
291;смт.Томаківка Томаківський районний відділ;3725;223;common_zags_death;NULL;
292;смт.Царичанка Царичанський районний відділ;3726;224;common_zags_death;NULL;
293;смт.Юр’ївка Юр’ївський районний відділ;3727;225;common_zags_death;NULL;
294;смт.Широке Широківський районний відділ;3948;226;common_zags_death;NULL;
295;м.Дніпро відділ Управління державної реєстрації;3638;179;common_zags_birth_auto;90;ZAGZ
296;м.Дніпро Амур-Нижньодніпровський районний відділ;3638;180;common_zags_birth_auto;90;ZAGZ
297;м.Дніпро Бабушкінський районний відділ;3638;181;common_zags_birth_auto;90;ZAGZ
298;м.Дніпро Жовтневий районний відділ ;3638;182;common_zags_birth_auto;90;ZAGZ
299;м.Дніпро Індустріальний районний відділ;3638;183;common_zags_birth_auto;90;ZAGZ
300;м.Дніпро Кіровський районний відділ;3638;184;common_zags_birth_auto;90;ZAGZ
301;м.Дніпро Красногвардійський районний відділ;3638;185;common_zags_birth_auto;90;ZAGZ
302;м.Дніпро Ленінський районний відділ;3638;186;common_zags_birth_auto;90;ZAGZ
303;м.Дніпро Самарський районний відділ;3638;187;common_zags_birth_auto;90;ZAGZ
304;м.Кам’янське Баглійський районний відділ;3639;188;common_zags_birth_auto;90;ZAGZ
305;м.Кам’янське Дніпровський районний відділ;3639;189;common_zags_birth_auto;90;ZAGZ
306;м.Кам’янське Заводський районний відділ;3639;190;common_zags_birth_auto;90;ZAGZ
307;м.Кривий Ріг Дзержинський районний відділ;3640;191;common_zags_birth_auto;90;ZAGZ
308;м.Кривий Ріг Довгинцівський районний відділ;3640;192;common_zags_birth_auto;90;ZAGZ
309;м.Кривий Ріг Жовтневий районний відділ;3640;193;common_zags_birth_auto;90;ZAGZ
310;м.Кривий Ріг Інгулецький районний відділ;3640;194;common_zags_birth_auto;90;ZAGZ
311;м.Кривий Ріг Саксаганський районний відділ;3640;195;common_zags_birth_auto;90;ZAGZ
312;м.Кривий Ріг Тернівський районний відділ;3640;196;common_zags_birth_auto;90;ZAGZ
313;м.Кривий Ріг Центрально-Міський районний відділ;3640;197;common_zags_birth_auto;90;ZAGZ
314;м.Вільногірськ Вільногірський міський відділ;3641;198;common_zags_birth_auto;90;ZAGZ
315;м.Жовті Води Жовтоводський міський відділ;3642;199;common_zags_birth_auto;90;ZAGZ
316;м.Марганець Марганецький міський відділ;3643;200;common_zags_birth_auto;90;ZAGZ
317;м.Орджонікідзе Орджонікідзевський міський відділ;3644;201;common_zags_birth_auto;90;ZAGZ
318;м.Павлоград  Павлоградський міський відділ ;3645;202;common_zags_birth_auto;90;ZAGZ
319;м.Першотравенськ Першотравенський міський районний відділ;3646;203;common_zags_birth_auto;90;ZAGZ
320;м.Синельникове Синельниківський міськрайонний відділ;3647;204;common_zags_birth_auto;90;ZAGZ
321;м.Тернівка Тернівський міський відділ;3648;205;common_zags_birth_auto;90;ZAGZ
322;м.Апостолове Апостолівський районний відділ;3649;206;common_zags_birth_auto;90;ZAGZ
323;смт.Васильківка Васильківський районний відділ;3650;207;common_zags_birth_auto;90;ZAGZ
324;м.Верхньодніпровськ Верхньодніпровський районний відділ;3651;208;common_zags_birth_auto;90;ZAGZ
325;м.Дніпро Дніпропетровський районний відділ;3961;209;common_zags_birth_auto;90;ZAGZ
326;м.Кривий Ріг Криворізький районний відділ;3652;210;common_zags_birth_auto;90;ZAGZ
327;смт.Кринички Криничанський районний відділ;3653;211;common_zags_birth_auto;90;ZAGZ
328;смт.Магдалинівка Магдалинівський районний відділ;3654;212;common_zags_birth_auto;90;ZAGZ
329;смт.Межова Межівський районний відділ;3655;213;common_zags_birth_auto;90;ZAGZ
330;м.Нікополь Нікопольський міськрайонний відділ;3656;214;common_zags_birth_auto;90;ZAGZ
331;м.Новомосковськ  Новомосковський міськрайонний відділ;3657;215;common_zags_birth_auto;90;ZAGZ
332;м.Павлоград Павлоградський районний відділ;3658;216;common_zags_birth_auto;90;ZAGZ
333;смт.Петриківка Петриківський районний відділ;3659;217;common_zags_birth_auto;90;ZAGZ
334;смт.Петропавлівка Петропавлівський районний відділ;3660;218;common_zags_birth_auto;90;ZAGZ
335;смт.Покровське Покровський районний відділ;3661;219;common_zags_birth_auto;90;ZAGZ
336;м.П’ятихатки П’ятихатський районний відділ;3662;220;common_zags_birth_auto;90;ZAGZ
337;смт.Солоне Солонянський районний відділ;3663;221;common_zags_birth_auto;90;ZAGZ
338;смт.Софіївка Софіївський районний відділ;3664;222;common_zags_birth_auto;90;ZAGZ
339;смт.Томаківка Томаківський районний відділ;3665;223;common_zags_birth_auto;90;ZAGZ
340;смт.Царичанка Царичанський районний відділ;3666;224;common_zags_birth_auto;90;ZAGZ
341;смт.Юр’ївка Юр’ївський районний відділ;3667;225;common_zags_birth_auto;90;ZAGZ
342;смт.Широке Широківський районний відділ;3946;226;common_zags_birth_auto;90;ZAGZ
343;м.Дніпро відділ Управління державної реєстрації;3728;179;common_zags_divorce;NULL;
344;м.Дніпро Амур-Нижньодніпровський районний відділ;3728;180;common_zags_divorce;NULL;
345;м.Дніпро Бабушкінський районний відділ;3728;181;common_zags_divorce;NULL;
346;м.Дніпро Жовтневий районний відділ ;3728;182;common_zags_divorce;NULL;
347;м.Дніпро Індустріальний районний відділ;3728;183;common_zags_divorce;NULL;
348;м.Дніпро Кіровський районний відділ;3728;184;common_zags_divorce;NULL;
349;м.Дніпро Красногвардійський районний відділ;3728;185;common_zags_divorce;NULL;
350;м.Дніпро Ленінський районний відділ;3728;186;common_zags_divorce;NULL;
351;м.Дніпро Самарський районний відділ;3728;187;common_zags_divorce;NULL;
352;м.Кам’янське Баглійський районний відділ;3729;188;common_zags_divorce;NULL;
353;м.Кам’янське Дніпровський районний відділ;3729;189;common_zags_divorce;NULL;
354;м.Кам’янське Заводський районний відділ;3729;190;common_zags_divorce;NULL;
355;м.Кривий Ріг Дзержинський районний відділ;3730;191;common_zags_divorce;NULL;
356;м.Кривий Ріг Довгинцівський районний відділ;3730;192;common_zags_divorce;NULL;
357;м.Кривий Ріг Жовтневий районний відділ;3730;193;common_zags_divorce;NULL;
358;м.Кривий Ріг Інгулецький районний відділ;3730;194;common_zags_divorce;NULL;
359;м.Кривий Ріг Саксаганський районний відділ;3730;195;common_zags_divorce;NULL;
360;м.Кривий Ріг Тернівський районний відділ;3730;196;common_zags_divorce;NULL;
361;м.Кривий Ріг Центрально-Міський районний відділ;3730;197;common_zags_divorce;NULL;
362;м.Вільногірськ Вільногірський міський відділ;3731;198;common_zags_divorce;NULL;
363;м.Жовті Води Жовтоводський міський відділ;3732;199;common_zags_divorce;NULL;
364;м.Марганець Марганецький міський відділ;3733;200;common_zags_divorce;NULL;
365;м.Орджонікідзе Орджонікідзевський міський відділ;3734;201;common_zags_divorce;NULL;
366;м.Павлоград  Павлоградський міський відділ ;3735;202;common_zags_divorce;NULL;
367;м.Першотравенськ Першотравенський міський районний відділ;3736;203;common_zags_divorce;NULL;
368;м.Синельникове Синельниківський міськрайонний відділ;3737;204;common_zags_divorce;NULL;
369;м.Тернівка Тернівський міський відділ;3738;205;common_zags_divorce;NULL;
370;м.Апостолове Апостолівський районний відділ;3739;206;common_zags_divorce;NULL;
371;смт.Васильківка Васильківський районний відділ;3740;207;common_zags_divorce;NULL;
372;м.Верхньодніпровськ Верхньодніпровський районний відділ;3741;208;common_zags_divorce;NULL;
373;м.Дніпро Дніпропетровський районний відділ;3964;209;common_zags_divorce;NULL;
374;м.Кривий Ріг Криворізький районний відділ;3742;210;common_zags_divorce;NULL;
375;смт.Кринички Криничанський районний відділ;3743;211;common_zags_divorce;NULL;
376;смт.Магдалинівка Магдалинівський районний відділ;3744;212;common_zags_divorce;NULL;
377;смт.Межова Межівський районний відділ;3745;213;common_zags_divorce;NULL;
378;м.Нікополь Нікопольський міськрайонний відділ;3746;214;common_zags_divorce;NULL;
379;м.Новомосковськ  Новомосковський міськрайонний відділ;3747;215;common_zags_divorce;NULL;
380;м.Павлоград Павлоградський районний відділ;3748;216;common_zags_divorce;NULL;
381;смт.Петриківка Петриківський районний відділ;3749;217;common_zags_divorce;NULL;
382;смт.Петропавлівка Петропавлівський районний відділ;3750;218;common_zags_divorce;NULL;
383;смт.Покровське Покровський районний відділ;3751;219;common_zags_divorce;NULL;
384;м.П’ятихатки П’ятихатський районний відділ;3752;220;common_zags_divorce;NULL;
385;смт.Солоне Солонянський районний відділ;3753;221;common_zags_divorce;NULL;
386;смт.Софіївка Софіївський районний відділ;3754;222;common_zags_divorce;NULL;
387;смт.Томаківка Томаківський районний відділ;3755;223;common_zags_divorce;NULL;
388;смт.Царичанка Царичанський районний відділ;3756;224;common_zags_divorce;NULL;
389;смт.Юр’ївка Юр’ївський районний відділ;3757;225;common_zags_divorce_auto;NULL;testGroup_1
390;смт.Широке Широківський районний відділ;3949;226;common_zags_divorce_auto;NULL;testGroup_1
391;Психоневрологічна лікарня - Рамазон С.В.;3511;234;med_1562_zapys;NULL;
392;Психоневрологічна лікарня - Кулянда Т.І.;3511;235;med_1562_zapys;NULL;
393;Психоневрологічна лікарня - Колеснікова Н.І..;3511;236;med_1562_zapys;NULL;
394;Тернопільський міський відділ державної виконавчої служби Головного територіального управління юстиції у Тернопільській області;3590;237;dvs_619;NULL;
395;Тернопільська психлікарня - зброя;3593;238;med_1562_zbroya;NULL;
396;ДМС, м. Борщів, вул. І.Франка, 10, Загран;1179;239;dms_0176_Zagran_iGov;NULL;
397;с. Недобоївці, Хотинський р-н, вул. Головна, 28а, Регистрация;3597;240;dnepr_dms-89_auto;40;REGISTRATION_DAY5
398;ДМС,  м. Бучач, вул. Міцкевича, 6, Загран;1179;241;dms_0176_Zagran_iGov;NULL;
399;Тернопільська психлікарня - водіння;3602;238;med_1567_vodinnya;NULL;
400;м.Хмельницький Регистрация;3908;242;dnepr_dms-89_auto;40;REGISTRATION_DAY5
401;м.Шумськ Реєстрація;3959;243;dnepr_dms-89_auto;40;REGISTRATION_DAY5
402;ДМС, м. Теребовля, вул. Січових Стрільців, 13, Загран;1179;244;dms_0176_Zagran_iGov;NULL;

403;м.Маріуполь Регистрация;3304;245;dnepr_dms-89_auto;40;REGISTRATION_DAY5
404;м.Сєвєродонецьк Регистрация;3989;246;dnepr_dms-89_auto;40;REGISTRATION_DAY5
405;м.Дрогобич Регистрация;3310;247;dnepr_dms-89_auto;40;REGISTRATION_DAY5
406;м.Вугледар Регистрация;3322;248;dnepr_dms-89_auto;40;REGISTRATION_DAY5
407;м.Рівне Регистрация;4140;249;dnepr_dms-89_auto;40;REGISTRATION_DAY6

408;Тест _test_all_case;4000;250;_test_all_case;NULL;
409;Відділ примусового виконання рішень управління ДВС Головного територіального управління юстиції у Тернопільській області ;3590;251;dvs_619;NULL;
410;Бережанський міжрайонний відділ державної виконавчої служби Головного територіального управління юстиції у Тернопільській області;3590;252;dvs_619;NULL;
411;Борщівський районний відділ державної виконавчої служби Головного територіального управління юстиції у Тернопільській області;3590;253;dvs_619;NULL;
412;Бучацький міжрайонний відділ державної виконавчої служби Головного територіального управління юстиції у Тернопільській області;3590;254;dvs_619;NULL;
413;Гусятинський районний відділ державної виконавчої служби Головного територіального управління юстиції у Тернопільській області;3590;255;dvs_619;NULL;
414;Заліщицький районний відділ державної виконавчої служби Головного територіального управління юстиції у Тернопільській області;3590;256;dvs_619;NULL;
415;Збаразький міжрайонного відділ державної виконавчої служби Головного територіального управління юстиції у Тернопільській області;3590;257;dvs_619;NULL;
416;Зборівський районний відділ державної виконавчої служби Головного територіального управління юстиції у Тернопільській області;3590;258;dvs_619;NULL;
417;Козівський районний відділ державної виконавчої служби Головного територіального управління юстиції у Тернопільській області;3590;259;dvs_619;NULL;
418;Кременецький міськрайонний відділ державної виконавчої служби Головного територіального управління юстиції у Тернопільській області;3590;260;dvs_619;NULL;
419;Підволочиський районний відділ державної виконавчої служби Головного територіального управління юстиції у Тернопільській області;3590;261;dvs_619;NULL;
420;Теребовлянський районний відділ державної виконавчої служби Головного територіального управління юстиції у Тернопільській області;3590;262;dvs_619;NULL;
421;Тернопільський районний відділ державної виконавчої служби Головного територіального управління юстиції у Тернопільській області;3590;263;dvs_619;NULL;
422;Чортківський міськрайонний відділ державної виконавчої служби Головного територіального управління юстиції у Тернопільській області;3590;264;dvs_619;NULL;
423;Шумський районний відділ державної виконавчої служби Головного територіального управління юстиції у Тернопільській області;3590;265;dvs_619;NULL;
424;Екологія Дніпро ОДА;4068;266;eco_1556_EcoEkspert;NULL;
425;м.Чортків Регистрация;3334;267;dnepr_dms-89_auto;40;REGISTRATION_DAY5
426;ДМС, Днепр, Самарский, Загран;627;28;dms_0177_zagranChild_iGov;NULL;
427;м.Боярка Регистрация;3346;270;dnepr_dms-89_auto;40;REGISTRATION_DAY5

428;ДМС, м. Кам'янське, Баглійський, Загран;627;271;dms_0177_zagranChild_iGov_auto;14;DMS
429;ДМС, м. Кам'янське, Дніпровський, Загран;627;272;dms_0177_zagranChild_iGov_auto;14;DMS
430;ДМС, м.Вільногірськ, Загран;627;273;dms_0177_zagranChild_iGov_auto;14;DMS
431;ДМС, м. Жовті Води, Загран;627;274;dms_0177_zagranChild_iGov_auto;14;DMS
432;ДМС, смт. Петриківка , Загран;627;275;dms_0177_zagranChild_iGov_auto;14;DMS
433;ДМС, м. Синельникове, Загран;627;276;dms_0177_zagranChild_iGov_auto;14;DMS
434;ДМС, м. Кривий Ріг, Тернівський РС, Загран;627;277;dms_0177_zagranChild_iGov_auto;14;DMS

435;ДМС, м. Кам'янське, Баглійський, ID-карти;635;278;dms_0173_IDChangeFIO_iGov_auto;14;DMS
436;ДМС, м. Кам'янське, Дніпровський, ID-карти;635;279;dms_0173_IDChangeFIO_iGov_auto;14;DMS
437;ДМС, м.Вільногірськ, ID-карти;755;280;dms_0173_IDChangeFIO_iGov_auto;14;DMS
438;ДМС, м. Жовті Води, ID-карти;4174;281;dms_0173_IDChangeFIO_iGov_auto;14;DMS
439;ДМС, смт. Петриківка , ID-карти;4179;282;dms_0173_IDChangeFIO_iGov_auto;14;DMS
440;ДМС, м. Синельникове, ID-карти;4184;283;dms_0173_IDChangeFIO_iGov_auto;14;DMS
441;ДМС, м. Кривий Ріг, Тернівський РС, ID-карти;186;284;dms_0173_IDChangeFIO_iGov_auto;14;DMS